exit_date,trades,wins,losses,win_rate,gross_profit,gross_loss,net_pnl,avg_pnl,max_win,max_loss,profit_factor,avg_duration,cumulative_pnl
2024-07-03,4,1,3,0.25,2.549731986835212,5.614705312690276,-3.064973325855064,-0.766243331463766,2.549731986835212,-2.2191842449493038,0.4541167959558527,0 days 05:30:00,-3.064973325855064
2024-07-04,1,1,0,1.0,1.8083529529373692,0.0,1.8083529529373692,1.8083529529373692,1.8083529529373692,1.8083529529373692,1808352952.937369,1 days 02:45:00,-1.2566203729176948
2024-07-05,2,1,1,0.5,2.702473747495901,4.989792972516852,-2.2873192250209513,-1.1436596125104757,2.702473747495901,-4.989792972516852,0.5416003754826672,0 days 05:37:30,-3.543939597938646
2024-07-08,1,1,0,1.0,6.713324177265093,0.0,6.713324177265093,6.713324177265093,6.713324177265093,6.713324177265093,6713324177.265093,2 days 12:30:00,3.1693845793264472
2024-07-09,1,0,1,0.0,0.0,1.7629911766718749,-1.7629911766718749,-1.7629911766718749,-1.7629911766718749,-1.7629911766718749,0.0,0 days 21:15:00,1.4063934026545724
2024-07-10,2,1,1,0.5,0.7545800320546334,2.0055692219939374,-1.250989189939304,-0.625494594969652,0.7545800320546334,-2.0055692219939374,0.3762423275046222,0 days 06:22:30,0.15540421271526839
2024-07-11,3,3,0,1.0,47.86437884111601,0.0,47.86437884111601,15.95479294703867,30.710948411730584,7.461332491324811,47864378841.116005,0 days 08:25:00,48.019783053831276
2024-07-12,3,2,1,0.6666666666666666,14.267571563075563,0.07990678390410721,14.187664779171456,4.729221593057152,9.724372422695012,-0.07990678390410721,178.55269435192736,0 days 02:40:00,62.20744783300273
2024-07-15,2,2,0,1.0,3.8013247401950423,0.0,3.8013247401950423,1.9006623700975211,3.6918144061354496,0.10951033405959265,3801324740.195042,0 days 07:00:00,66.00877257319777
2024-07-17,3,2,1,0.6666666666666666,25.291401548876095,2.6496578458503848,22.64174370302571,7.5472479010085705,14.688677936275312,-2.6496578458503848,9.545157533635834,0 days 10:55:00,88.65051627622348
2024-07-18,2,1,1,0.5,2.5904735300135258,2.3651651705233405,0.22530835949018524,0.11265417974509262,2.5904735300135258,-2.3651651705233405,1.095261152285754,0 days 01:07:30,88.87582463571367
2024-07-19,2,1,1,0.5,4.291472146035602,2.9623638233681646,1.3291083226674374,0.6645541613337187,4.291472146035602,-2.9623638233681646,1.4486647832325539,0 days 04:37:30,90.20493295838111
2024-07-21,1,1,0,1.0,0.21607396485221386,0.0,0.21607396485221386,0.21607396485221386,0.21607396485221386,0.21607396485221386,216073964.85221386,2 days 11:45:00,90.42100692323332
2024-07-22,2,1,1,0.5,19.75283720339897,1.0402281218426026,18.712609081556366,9.356304540778183,19.75283720339897,-1.0402281218426026,18.988947509330824,0 days 03:52:30,109.13361600478969
2024-07-23,3,2,1,0.6666666666666666,30.112547012871275,6.026779463499324,24.08576754937195,8.028589183123984,20.901934200525062,-6.026779463499324,4.996457427261998,0 days 02:45:00,133.21938355416165
2024-07-24,12,6,6,0.5,80.5424049029479,35.988135048462254,44.55426985448564,3.7128558212071368,26.042186808585825,-9.245212730819958,2.238026638348669,0 days 01:36:15,177.7736534086473
2024-07-25,16,9,7,0.5625,65.33096803869819,39.79666200718083,25.53430603151736,1.595894126969835,20.560471129417124,-10.602962589263768,1.6416192902537907,0 days 01:06:33.750000,203.30795944016467
2024-07-26,12,6,6,0.5,29.343101775799823,26.73232447971415,2.610777296085672,0.217564774673806,13.64083044576823,-8.780605018059475,1.0976636842062448,0 days 00:52:30,205.91873673625034
2024-07-29,4,3,1,0.75,28.09565670528883,2.456739299506978,25.638917405781854,6.409729351445463,12.735379957597104,-2.456739299506978,11.436157149815248,0 days 02:22:30,231.5576541420322
2024-07-30,7,5,2,0.7142857142857143,98.2951490226206,20.809798515127298,77.48535050749331,11.069335786784759,41.50785856246904,-15.328780308365637,4.723503158916544,0 days 02:02:08.571428571,309.0430046495255
2024-07-31,15,9,6,0.6,177.88380409887912,73.60259471980311,104.28120937907602,6.952080625271734,41.93867445717132,-22.756815555691464,2.4168143090072163,0 days 01:05:00,413.32421402860155
2024-08-01,14,8,6,0.5714285714285714,204.15843854475196,61.67327612580998,142.48516241894197,10.177511601352998,36.22668813738072,-23.654339403350207,3.3103225800471563,0 days 01:02:08.571428571,555.8093764475435
2024-08-02,12,3,9,0.25,146.705275458708,104.73698438290361,41.96829107580439,3.4973575896503655,118.82985710569656,-33.43874377906282,1.4007017322780102,0 days 00:42:30,597.7776675233479
2024-08-04,2,2,0,1.0,98.027240675487,0.0,98.027240675487,49.0136203377435,76.81379422227953,21.213446453207467,98027240675.48698,0 days 01:00:00,695.8049081988348
2024-08-05,19,7,12,0.3684210526315789,102.48737024056949,227.3130460576864,-124.82567581711689,-6.569772411427205,33.154737288299685,-38.01670279502828,0.4508644445095366,0 days 00:19:44.210526315,570.9792323817179
2024-08-06,33,10,23,0.30303030303030304,112.07125988011185,277.2256713425382,-165.15441146242637,-5.004679135225041,23.578116850126435,-33.51790735125505,0.4042600360110134,0 days 00:18:38.181818181,405.82482091929154
2024-08-07,16,8,8,0.5,193.9657835001281,94.2218477753838,99.74393572474433,6.233995982796521,108.78596579973691,-21.445938927515428,2.058607298410499,0 days 00:42:11.250000,505.5687566440359
2024-08-08,13,3,10,0.23076923076923078,12.412292989681802,96.85176591971737,-84.43947293003556,-6.495344071541197,7.43907078987958,-20.952001978965086,0.12815763214860362,0 days 00:56:32.307692307,421.12928371400034
2024-08-09,5,3,2,0.6,34.624923771260214,14.580707085163795,20.04421668609642,4.008843337219284,17.790707654236314,-7.405480988025033,2.374708137885293,0 days 01:18:00,441.17350040009677
2024-08-12,3,2,1,0.6666666666666666,10.914131463030003,10.704513845663314,0.20961761736668905,0.06987253912222968,8.974079529417963,-10.704513845663314,1.0195821706981687,0 days 00:40:00,441.38311801746346
2024-08-13,3,3,0,1.0,50.899290541045346,0.0,50.899290541045346,16.96643018034845,21.448481125787737,8.651424412076508,50899290541.04534,0 days 04:25:00,492.2824085585088
2024-08-14,5,3,2,0.6,23.23761823888165,8.801453658740229,14.436164580141423,2.8872329160282844,17.044371498930673,-6.147719672589105,2.640202305195992,0 days 01:27:00,506.7185731386502
2024-08-15,3,2,1,0.6666666666666666,91.52105702698601,2.9365862273385943,88.58447079964742,29.528156933215808,64.42360980594923,-2.9365862273385943,31.16579931314697,0 days 05:15:00,595.3030439382976
2024-08-16,3,1,2,0.3333333333333333,45.450359035907866,21.484275293274635,23.96608374263323,7.988694580877744,45.450359035907866,-15.602662593417591,2.115517438474431,0 days 04:35:00,619.2691276809309
2024-08-18,1,0,1,0.0,0.0,27.28644536397077,-27.28644536397077,-27.28644536397077,-27.28644536397077,-27.28644536397077,0.0,2 days 04:15:00,591.9826823169601
2024-08-19,6,3,3,0.5,85.46480800192177,58.10059980719599,27.364208194725776,4.560701365787629,39.265698879734146,-31.427980750622908,1.4709797882557594,0 days 01:10:00,619.3468905116858
2024-08-20,3,3,0,1.0,113.14490155344389,0.0,113.14490155344389,37.714967184481296,72.85522739887156,10.208475131486352,113144901553.44388,0 days 04:55:00,732.4917920651297
2024-08-21,2,2,0,1.0,32.658627275651995,0.0,32.658627275651995,16.329313637825997,20.70878659626395,11.949840679388046,32658627275.651993,0 days 02:45:00,765.1504193407817
2024-08-22,4,3,1,0.75,119.41118652160364,35.552565342187364,83.85862117941628,20.96465529485407,65.87488850355052,-35.552565342187364,3.358722088611367,0 days 01:41:15,849.0090405201979
2024-08-23,6,4,2,0.6666666666666666,211.78760639267085,48.48034391176678,163.30726248090406,27.217877080150675,105.98218088149906,-38.44147694099023,4.368525247636855,0 days 02:00:00,1012.3163030011019
2024-08-25,3,2,1,0.6666666666666666,24.150504507549556,1.1314889781074555,23.0190155294421,7.6730051764807,12.46737414721281,-1.1314889781074555,21.344003322015592,0 days 16:55:00,1035.335318530544
2024-08-26,2,2,0,1.0,18.66920700283589,0.0,18.66920700283589,9.334603501417945,10.644379202000266,8.024827800835624,18669207002.835888,0 days 02:30:00,1054.00452553338
2024-08-27,3,2,1,0.6666666666666666,112.13283726313944,9.02098817882134,103.1118490843181,34.37061636143937,110.73631165027494,-9.02098817882134,12.43021662819543,0 days 03:50:00,1157.116374617698
2024-08-28,6,3,3,0.5,78.59771342385424,15.648776820238453,62.94893660361579,10.491489433935966,53.48894284575486,-9.387815573976468,5.022610669621435,0 days 03:45:00,1220.0653112213138
2024-08-29,3,1,2,0.3333333333333333,15.245903914142502,16.06385651766658,-0.817952603524077,-0.272650867841359,15.245903914142502,-15.22593205289013,0.949081180934073,0 days 01:35:00,1219.2473586177898
2024-08-30,2,1,1,0.5,22.356085406015893,36.652835215687105,-14.296749809671212,-7.148374904835606,22.356085406015893,-36.652835215687105,0.6099415031459197,0 days 07:37:30,1204.9506088081187
2024-09-02,1,1,0,1.0,26.167810353887262,0.0,26.167810353887262,26.167810353887262,26.167810353887262,26.167810353887262,26167810353.88726,0 days 04:15:00,1231.118419162006
2024-09-03,7,4,3,0.5714285714285714,182.0895425469255,67.44304985782924,114.64649268909625,16.378070384156608,132.8226629495606,-55.963741171272204,2.6999007745167583,0 days 02:49:17.142857142,1345.7649118511022
2024-09-04,5,5,0,1.0,366.7269971563362,0.0,366.7269971563362,73.34539943126724,163.56283918022925,24.568122125734533,366726997156.3362,0 days 04:24:00,1712.4919090074384
2024-09-05,7,2,5,0.2857142857142857,121.5381893848976,268.2934730590937,-146.75528367419605,-20.96504052488515,65.59942654577313,-75.74317851279505,0.45300464450034494,0 days 01:42:51.428571428,1565.7366253332423
2024-09-06,17,8,9,0.47058823529411764,365.6673821345945,344.9743773407487,20.69300479384583,1.2172355761085782,99.28146864548611,-65.7011965648224,1.0599841789797806,0 days 01:00:00,1586.429630127088
2024-09-08,1,1,0,1.0,46.005217509249974,0.0,46.005217509249974,46.005217509249974,46.005217509249974,46.005217509249974,46005217509.24997,2 days 05:00:00,1632.434847636338
2024-09-09,2,1,1,0.5,94.64208320879841,49.63787688458021,45.0042063242182,22.5021031621091,94.64208320879841,-49.63787688458021,1.906650508619932,0 days 03:07:30,1677.439053960556
2024-09-10,5,3,2,0.6,172.94479305328696,88.96495465338977,83.97983839989718,16.795967679979434,147.04651385122304,-58.82497915242457,1.9439653931942669,0 days 04:03:00,1761.4188923604534
2024-09-11,11,6,5,0.5454545454545454,278.03110843026474,232.33502492796345,45.69608350230132,4.15418940930012,80.58061695907692,-81.55850244760411,1.1966818542166406,0 days 00:47:43.636363636,1807.1149758627546
2024-09-12,16,8,8,0.5,190.48943077779006,264.9399460762881,-74.45051529849805,-4.653157206156128,62.44220645521717,-62.221947889833025,0.7189909773852661,0 days 00:45:00,1732.6644605642566
2024-09-13,7,4,3,0.5714285714285714,362.62922622192616,117.78748634938913,244.8417398725371,34.97739141036244,188.49946085214415,-75.07241121855805,3.0786736134793733,0 days 02:23:34.285714285,1977.5062004367937
2024-09-15,1,0,1,0.0,0.0,29.431016825503633,-29.431016825503633,-29.431016825503633,-29.431016825503633,-29.431016825503633,0.0,2 days 06:45:00,1948.0751836112902
2024-09-16,1,1,0,1.0,219.67278163432846,0.0,219.67278163432846,219.67278163432846,219.67278163432846,219.67278163432846,219672781634.32843,0 days 08:00:00,2167.7479652456186
2024-09-18,3,2,1,0.6666666666666666,382.02580281791813,58.537178894317776,323.48862392360036,107.82954130786679,251.8662986278509,-58.537178894317776,6.5262079593487465,0 days 03:25:00,2491.236589169219
2024-09-20,1,1,0,1.0,9.311655343240673,0.0,9.311655343240673,9.311655343240673,9.311655343240673,9.311655343240673,9311655343.240673,0 days 00:15:00,2500.5482445124594
2024-09-23,3,3,0,1.0,642.4520904983092,0.0,642.4520904983092,214.15069683276974,319.51099164485606,153.94636582254864,642452090498.3092,0 days 02:05:00,3143.0003350107686
2024-09-24,3,2,1,0.6666666666666666,178.2738786047042,31.977533838547913,146.2963447661563,48.76544825538543,110.43102894236381,-31.977533838547913,5.574972713805736,0 days 01:30:00,3289.296679776925
2024-09-25,3,1,2,0.3333333333333333,247.52113126515965,58.025491084828616,189.49564018033104,63.16521339344368,247.52113126515965,-50.78803479900898,4.265730916491575,0 days 04:45:00,3478.792319957256
2024-09-26,11,2,9,0.18181818181818182,46.00443137025235,689.721109004085,-643.7166776338325,-58.51969796671205,38.749125668548686,-122.14685537673682,0.06670004842490601,0 days 02:13:38.181818181,2835.0756423234234
2024-09-27,13,6,7,0.46153846153846156,1447.7666160247165,710.3144841078681,737.4521319168481,56.72708707052678,879.9935250392206,-137.1341161903063,2.0382051167703055,0 days 00:46:09.230769230,3572.5277742402714
2024-09-29,1,1,0,1.0,41.76036281522862,0.0,41.76036281522862,41.76036281522862,41.76036281522862,41.76036281522862,41760362815.228615,2 days 04:45:00,3614.2881370555
2024-09-30,9,4,5,0.4444444444444444,182.0884361595301,403.8575572224518,-221.76912106292173,-24.641013451435747,99.0033431674912,-161.19130912720945,0.45087292017475505,0 days 00:53:20,3392.5190159925783
2024-10-01,11,6,5,0.5454545454545454,872.2026868477907,327.71429741712063,544.48838943067,49.49894449369728,382.46776965442945,-128.9660756772995,2.661472794205361,0 days 01:15:00,3937.007405423248
2024-10-02,2,2,0,1.0,143.74226742134903,0.0,143.74226742134903,71.87113371067451,103.54229921344918,40.19996820789984,143742267421.34903,0 days 05:22:30,4080.749672844597
2024-10-03,8,2,6,0.25,456.98507783850016,433.2581298291149,23.726948009385183,2.965868501173148,420.72173205401623,-180.64886231422173,1.0547639995093538,0 days 01:31:52.500000,4104.476620853982
2024-10-04,2,2,0,1.0,743.0158165419081,0.0,743.0158165419081,371.50790827095403,519.5361622561388,223.47965428576927,743015816541.908,0 days 04:22:30,4847.49243739589
2024-10-07,4,2,2,0.5,284.6908861357144,167.90575508581728,116.7851310498971,29.196282762474276,236.16555276263549,-97.73136621348138,1.6955397746206362,0 days 02:33:45,4964.277568445787
2024-10-08,3,2,1,0.6666666666666666,32.62268509938741,39.216310106075184,-6.593625006687773,-2.197875002229258,22.85668040116633,-39.216310106075184,0.8318652369676585,0 days 03:10:00,4957.6839434390995
2024-10-10,4,1,3,0.25,233.1230071019744,245.78165193922808,-12.65864483725369,-3.1646612093134223,233.1230071019744,-124.82147548051245,0.9484963798665342,0 days 02:37:30,4945.025298601846
2024-10-11,1,1,0,1.0,481.0616832256261,0.0,481.0616832256261,481.0616832256261,481.0616832256261,481.0616832256261,481061683225.62604,0 days 07:00:00,5426.086981827472
2024-10-15,3,2,1,0.6666666666666666,299.7180638237904,90.61933082129241,209.09873300249797,69.69957766749933,296.63659190926916,-90.61933082129241,3.3074407094757206,0 days 04:10:00,5635.1857148299705
2024-10-16,4,2,2,0.5,312.1083633716098,324.5992982770034,-12.49093490539363,-3.1227337263484074,308.87777794934055,-237.08446669872873,0.9615189097089969,0 days 00:56:15,5622.694779924577
2024-10-17,2,2,0,1.0,366.8924615220769,0.0,366.8924615220769,183.44623076103846,304.59567699216626,62.296784529910695,366892461522.0769,0 days 05:00:00,5989.587241446654
2024-10-18,1,1,0,1.0,295.14682171805487,0.0,295.14682171805487,295.14682171805487,295.14682171805487,295.14682171805487,295146821718.0549,0 days 04:45:00,6284.7340631647085
2024-10-21,2,0,2,0.0,0.0,294.63271006951254,-294.63271006951254,-147.31635503475627,-62.437021564069255,-232.19568850544326,0.0,0 days 02:22:30,5990.101353095196
2024-10-22,1,1,0,1.0,48.00116811917903,0.0,48.00116811917903,48.00116811917903,48.00116811917903,48.00116811917903,48001168119.17902,0 days 02:15:00,6038.102521214375
2024-10-23,5,5,0,1.0,2107.4246981437354,0.0,2107.4246981437354,421.4849396287471,804.2574282646098,23.031898045756055,2107424698143.7354,0 days 04:27:00,8145.52721935811
2024-10-24,6,2,4,0.3333333333333333,526.4001280492575,990.2183681855438,-463.8182401362862,-77.30304002271437,467.19830856109763,-405.7564832898067,0.5316000439517422,0 days 02:07:30,7681.708979221824
2024-10-25,2,1,1,0.5,74.91323669852437,73.40472294731065,1.5085137512137266,0.7542568756068633,74.91323669852437,-73.40472294731065,1.0205506361259142,0 days 02:52:30,7683.217492973037
2024-10-28,2,1,1,0.5,439.1776893998548,54.986674339390504,384.1910150604643,192.09550753023214,439.1776893998548,-54.986674339390504,7.9869840225133135,0 days 04:30:00,8067.408508033502
2024-10-29,3,2,1,0.6666666666666666,489.1306081958534,61.02935857856937,428.10124961728405,142.70041653909468,378.60779388870776,-61.02935857856937,8.014677191243052,0 days 06:10:00,8495.509757650785
2024-10-30,3,2,1,0.6666666666666666,934.2280994910068,331.7100400914669,602.5180593995399,200.83935313317997,882.1136433899308,-331.7100400914669,2.8163998268891692,0 days 06:55:00,9098.027817050324
2024-10-31,6,5,1,0.8333333333333334,2253.2259407203505,350.12800881057126,1903.0979319097794,317.1829886516299,959.9223845243351,-350.12800881057126,6.435434709650455,0 days 02:17:30,11001.125748960103
2024-11-01,5,2,3,0.4,353.7465483278081,295.3661446262248,58.380403701583276,11.676080740316655,201.4785238796045,-235.74884181057465,1.1976543512644673,0 days 00:30:00,11059.506152661686
2024-11-03,1,1,0,1.0,562.1396302898936,0.0,562.1396302898936,562.1396302898936,562.1396302898936,562.1396302898936,562139630289.8936,2 days 07:45:00,11621.64578295158
2024-11-04,3,3,0,1.0,1470.5144927220902,0.0,1470.5144927220902,490.17149757403007,1264.196335339533,89.51933449066205,1470514492722.09,0 days 04:25:00,13092.16027567367
2024-11-05,2,1,1,0.5,213.45234585695806,538.9642581162265,-325.5119122592684,-162.7559561296342,213.45234585695806,-538.9642581162265,0.39604174607609605,0 days 06:22:30,12766.648363414402
2024-11-06,7,2,5,0.2857142857142857,498.503106191136,1928.1743026666986,-1429.6711964755625,-204.2387423536518,352.6827067424292,-514.1522047509694,0.2585363291595047,0 days 01:10:42.857142857,11336.97716693884
2024-11-07,5,3,2,0.6,1229.4276753296567,285.1483500843205,944.2793252453359,188.85586504906718,559.7307855624844,-171.61658447400168,4.311537047175991,0 days 05:45:00,12281.256492184175
2024-11-08,5,4,1,0.8,1246.3332072526384,83.56473579610775,1162.7684714565307,232.55369429130616,653.600283838449,-83.56473579610775,14.914583231539273,0 days 03:15:00,13444.024963640706
2024-11-12,2,2,0,1.0,1747.6784546488325,0.0,1747.6784546488325,873.8392273244162,1458.8455234229411,288.83293122589123,1747678454648.8323,0 days 12:00:00,15191.703418289539
2024-11-13,5,1,4,0.2,652.0546275932271,656.448232992769,-4.39360539954194,-0.878721079908388,652.0546275932271,-311.8949185662849,0.9933070039970839,0 days 04:54:00,15187.309812889996
2024-11-14,3,1,2,0.3333333333333333,400.6126958182114,630.444651052765,-229.83195523455365,-76.61065174485121,400.6126958182114,-609.4471770015667,0.6354446740871502,0 days 06:30:00,14957.477857655444
2024-11-15,13,5,8,0.38461538461538464,3065.5975365975874,2679.6063561265137,385.99118047107373,29.691629267005673,1398.3139276027523,-513.5267242443914,1.1440477179002668,0 days 01:24:13.846153846,15343.469038126517
2024-11-18,4,4,0,1.0,640.5676318872163,0.0,640.5676318872163,160.14190797180407,239.1820162358515,57.513090005302104,640567631887.2163,0 days 04:18:45,15984.036670013733
2024-11-19,10,5,5,0.5,4308.0349957281105,1179.5345353201358,3128.500460407975,312.8500460407975,2216.5100167388073,-704.8460407361091,3.65231781412731,0 days 01:39:00,19112.537130421708
2024-11-20,6,2,4,0.3333333333333333,1615.2685531215552,972.9690211159837,642.2995320055716,107.04992200092859,1420.9515414512157,-527.7462024915462,1.6601438669330517,0 days 01:37:30,19754.83666242728
2024-11-21,17,2,15,0.11764705882352941,799.4701855547289,4595.2848030880095,-3795.8146175332804,-223.2832127960753,742.8378567830711,-737.7128899991408,0.17397619947679602,0 days 01:16:45.882352941,15959.022044893998
2024-11-22,11,6,5,0.5454545454545454,2902.318207918771,2156.1622955772327,746.155912341538,67.83235566741256,1357.6364796549462,-702.6248381137759,1.3460573973824093,0 days 02:02:43.636363636,16705.177957235537
2024-11-25,7,5,2,0.7142857142857143,1676.1609657698084,930.3310099975238,745.8299557722843,106.54713653889776,1261.0681474208648,-773.9523620962997,1.8016823558039516,0 days 02:02:08.571428571,17451.007913007823
2024-11-26,8,4,4,0.5,2005.93185134175,1258.5371324439247,747.3947188978251,93.42433986222814,1649.8347789048964,-476.63002509702414,1.5938598867134546,0 days 01:26:15,18198.402631905647
2024-11-27,6,5,1,0.8333333333333334,3023.2863128065837,893.7711098926684,2129.5152029139153,354.91920048565254,1808.5144345521721,-893.7711098926684,3.382618076757533,0 days 04:20:00,20327.917834819564
2024-11-28,2,1,1,0.5,100.59998183870744,332.02440963216793,-231.4244277934605,-115.71221389673025,100.59998183870744,-332.02440963216793,0.302989716780633,0 days 08:52:30,20096.493407026104
2024-11-29,10,4,6,0.4,1677.46172252538,2505.7817686384674,-828.3200461130876,-82.83200461130876,637.6887080000143,-854.1893878309205,0.6694364782759353,0 days 01:25:30,19268.173360913017
2024-12-02,8,5,3,0.625,3111.75471273148,1948.918036813482,1162.8366759179985,145.3545844897498,833.9530641857118,-726.1551571317144,1.5966575576565847,0 days 02:03:45,20431.010036831016
2024-12-03,1,1,0,1.0,2410.1453742027056,0.0,2410.1453742027056,2410.1453742027056,2410.1453742027056,2410.1453742027056,2410145374202.7056,0 days 05:15:00,22841.15541103372
2024-12-04,4,3,1,0.75,2876.033610144274,379.4331802265536,2496.6004299177202,624.1501074794301,1742.1269363879903,-379.4331802265536,7.579815788453291,0 days 03:15:00,25337.75584095144
2024-12-05,2,2,0,1.0,1209.6221757975782,0.0,1209.6221757975782,604.8110878987891,713.5663728381998,496.0558029593783,1209622175797.5781,0 days 06:45:00,26547.37801674902
2024-12-06,3,2,1,0.6666666666666666,891.2862523046357,588.141549382603,303.1447029220327,101.04823430734423,520.9323586668745,-588.141549382603,1.5154281367134435,0 days 05:55:00,26850.52271967105
2024-12-09,1,1,0,1.0,247.45631879872343,0.0,247.45631879872343,247.45631879872343,247.45631879872343,247.45631879872343,247456318798.72342,0 days 08:15:00,27097.979038469774
2024-12-11,1,1,0,1.0,51.56848849143023,0.0,51.56848849143023,51.56848849143023,51.56848849143023,51.56848849143023,51568488491.43023,0 days 13:00:00,27149.547526961203
2024-12-12,6,3,3,0.5,3058.943651431376,1395.8063452058989,1663.1373062254772,277.1895510375795,2838.002470636338,-1189.9760196158347,2.1915243915732048,0 days 03:27:30,28812.684833186682
2024-12-13,3,2,1,0.6666666666666666,121.78409761820907,972.6677031804672,-850.8836055622581,-283.6278685207527,96.93259423014622,-972.6677031804672,0.1252062726252703,0 days 02:35:00,27961.801227624423
2024-12-16,1,1,0,1.0,674.2936083966155,0.0,674.2936083966155,674.2936083966155,674.2936083966155,674.2936083966155,674293608396.6155,0 days 06:30:00,28636.09483602104
2024-12-17,5,2,3,0.4,979.458890366991,2471.719825232955,-1492.260934865964,-298.4521869731928,831.357577776242,-1050.1144884589544,0.3962661464976836,0 days 02:51:00,27143.833901155074
2024-12-18,2,1,1,0.5,357.26097645279316,254.58740271626007,102.67357373653309,51.33678686826654,357.26097645279316,-254.58740271626007,1.4032940068561197,0 days 03:37:30,27246.50747489161
2024-12-19,16,9,7,0.5625,7768.0164226674415,4617.700231526673,3150.3161911407688,196.89476194629805,1713.3999537325717,-1554.3059017538847,1.6822262237016699,0 days 00:46:52.500000,30396.82366603238
2024-12-20,4,3,1,0.75,2981.468837777282,607.9127393168662,2373.5560984604153,593.3890246151038,1344.8774421589144,-607.9127393168662,4.904435529888167,0 days 03:03:45,32770.37976449279
2024-12-23,2,0,2,0.0,0.0,847.3274626538375,-847.3274626538375,-423.66373132691876,-264.5861929117903,-582.7412697420472,0.0,0 days 04:30:00,31923.052301838954
2024-12-24,1,0,1,0.0,0.0,540.8706447869667,-540.8706447869667,-540.8706447869667,-540.8706447869667,-540.8706447869667,0.0,0 days 12:30:00,31382.181657051988
2024-12-25,1,1,0,1.0,760.5034636221998,0.0,760.5034636221998,760.5034636221998,760.5034636221998,760.5034636221998,760503463622.1997,1 days 09:00:00,32142.68512067419
2024-12-26,2,0,2,0.0,0.0,1922.944134035809,-1922.944134035809,-961.4720670179045,-498.9027342586467,-1424.0413997771623,0.0,0 days 06:30:00,30219.74098663838
2024-12-27,2,1,1,0.5,682.7172121058893,1418.1687736362048,-735.4515615303155,-367.72578076515777,682.7172121058893,-1418.1687736362048,0.48140759040645964,0 days 07:37:30,29484.28942510806
2024-12-30,6,4,2,0.6666666666666666,2190.912211657827,1987.4453819794721,203.46682967835488,33.91113827972581,1576.9387403425721,-1201.4458760098903,1.102376061009387,0 days 01:50:00,29687.756254786418
2024-12-31,3,2,1,0.6666666666666666,3927.503477996127,235.1001932337624,3692.403284762365,1230.8010949207883,3121.3971892654563,-235.1001932337624,16.70565823011031,0 days 06:25:00,33380.15953954878
2025-01-01,1,0,1,0.0,0.0,572.9927009403823,-572.9927009403823,-572.9927009403823,-572.9927009403823,-572.9927009403823,0.0,1 days 03:15:00,32807.1668386084
2025-01-02,10,5,5,0.5,7613.45965285942,2636.3999685551676,4977.059684304252,497.70596843042523,3493.9330184578534,-1136.8486817079884,2.887824208643062,0 days 01:51:00,37784.22652291265
2025-01-03,1,0,1,0.0,0.0,527.339870313341,-527.339870313341,-527.339870313341,-527.339870313341,-527.339870313341,0.0,0 days 05:15:00,37256.88665259931
2025-01-06,10,7,3,0.7,5306.355825941814,1585.8276415402202,3720.528184401595,372.0528184401595,2422.2064256667722,-1129.0004615221746,3.3461113219013296,0 days 01:22:30,40977.4148370009
2025-01-07,6,3,3,0.5,3217.2901675426647,1345.228650868094,1872.0615166745704,312.0102527790951,2597.2717940806974,-549.774032001558,2.391630720522124,0 days 03:35:00,42849.47635367547
2025-01-08,10,4,6,0.4,2552.3727434691496,4443.369191655862,-1890.9964481867123,-189.09964481867124,892.4198667677601,-1268.8555545768027,0.5744228384763105,0 days 01:55:30,40958.479905488755
2025-01-09,8,4,4,0.5,7175.3611764637535,4423.232103695021,2752.129072768732,344.0161340960915,3296.4703530072798,-1252.2697213200759,1.6221986566044535,0 days 02:05:37.500000,43710.608978257485
2025-01-10,8,3,5,0.375,3342.7492245122326,3631.643414377301,-288.89418986506826,-36.11177373313353,1608.6144941415128,-960.5163005690329,0.920450838118807,0 days 01:35:37.500000,43421.71478839242
2025-01-13,4,4,0,1.0,7757.895557150818,0.0,7757.895557150818,1939.4738892877044,3561.987692117654,637.1599228629279,7757895557150.817,0 days 15:15:00,51179.61034554324
2025-01-14,4,2,2,0.5,4328.940800490656,911.9116510088147,3417.029149481841,854.2572873704603,3504.519784450494,-769.3257948345291,4.747105485165922,0 days 02:48:45,54596.63949502508
2025-01-15,8,5,3,0.625,5768.3541956582685,622.1767658783222,5146.177429779947,643.2721787224933,3043.6748653649915,-321.2864884736817,9.271246552440973,0 days 02:15:00,59742.81692480503
2025-01-16,7,3,4,0.42857142857142855,2644.589647746976,3418.0460576265614,-773.4564098795857,-110.49377283994082,1078.7025692143643,-1192.3819668179262,0.7737138713640794,0 days 02:53:34.285714285,58969.36051492544
2025-01-17,4,2,2,0.5,1480.544508778074,1160.3474001166987,320.1971086613753,80.04927716534382,792.386541256505,-984.6466292621017,1.2759493481255462,0 days 03:45:00,59289.55762358682
2025-01-19,1,1,0,1.0,54.23636388766795,0.0,54.23636388766795,54.23636388766795,54.23636388766795,54.23636388766795,54236363887.667946,2 days 07:30:00,59343.79398747449
2025-01-20,4,2,2,0.5,3491.316884368537,2347.974097585976,1143.3427867825615,285.83569669564037,3314.5844341298557,-1354.1816666722113,1.4869486371072267,0 days 03:18:45,60487.13677425705
2025-01-21,5,2,3,0.4,3081.0916319607104,2525.06758329033,556.0240486703808,111.20480973407616,1875.524210479412,-1198.5060709135382,1.2202016501854753,0 days 03:21:00,61043.160822927435
2025-01-22,4,2,2,0.5,352.5276720044488,949.0233041367303,-596.4956321322816,-149.1239080330704,246.8785935081783,-798.6519974041428,0.37146366213327303,0 days 04:26:15,60446.66519079515
2025-01-23,3,1,2,0.3333333333333333,153.8179604834582,1770.9909520753868,-1617.1729915919286,-539.0576638639762,153.8179604834582,-1225.5924667474503,0.08685417635996513,0 days 07:50:00,58829.492199203225
2025-01-24,11,5,6,0.45454545454545453,4392.844543406475,3808.765366964657,584.0791764418184,53.09810694925622,2182.832383438544,-1027.4576841532692,1.1533513147089163,0 days 01:36:49.090909090,59413.57137564504
2025-01-26,1,0,1,0.0,0.0,585.4341987555074,-585.4341987555074,-585.4341987555074,-585.4341987555074,-585.4341987555074,0.0,2 days 02:45:00,58828.13717688953
2025-01-27,8,5,3,0.625,6467.408403167681,1883.6601197233877,4583.7482834442935,572.9685354305367,3349.731931090318,-1005.6192895828957,3.4334264103427583,0 days 01:48:45,63411.885460333826
2025-01-28,2,1,1,0.5,1076.6853406249836,992.1515800551433,84.5337605698403,42.26688028492015,1076.6853406249836,-992.1515800551433,1.0852024652978347,0 days 05:00:00,63496.41922090366
2025-01-29,3,2,1,0.6666666666666666,1971.5547208520263,1152.9277310490827,818.6269898029436,272.8756632676479,1838.197116941636,-1152.9277310490827,1.7100418940032356,0 days 07:25:00,64315.046210706605
2025-01-30,5,4,1,0.8,4940.984636069551,924.7314663506857,4016.253169718865,803.250633943773,3488.289558887445,-924.7314663506857,5.343156165722799,0 days 04:42:00,68331.29938042547
2025-01-31,5,4,1,0.8,1491.2667765355395,1701.1339262127692,-209.8671496772297,-41.973429935445935,791.6062843361474,-1701.1339262127692,0.8766310244929061,0 days 02:30:00,68121.43223074824
2025-02-02,2,2,0,1.0,3990.0328609344488,0.0,3990.0328609344488,1995.0164304672244,3479.573541879617,510.45931905483144,3990032860934.4487,1 days 01:37:30,72111.46509168268
2025-02-03,11,4,7,0.36363636363636365,5440.122805241906,6741.3027749178345,-1301.1799696759292,-118.2890881523572,1923.7393184277423,-1406.1944603919799,0.8069839001272586,0 days 01:06:49.090909090,70810.28512200675
2025-02-04,3,2,1,0.6666666666666666,2191.634647826518,728.231104852604,1463.4035429739142,487.80118099130476,2162.3651126120008,-728.231104852604,3.009531772568423,0 days 03:05:00,72273.68866498067
2025-02-05,6,3,3,0.5,6031.218688414419,2580.014908671025,3451.2037797433945,575.2006299572324,3453.5450130700697,-1029.791222747555,2.337668153832926,0 days 04:12:30,75724.89244472406
2025-02-06,7,4,3,0.5714285714285714,8268.022003710732,1938.9186446316983,6329.103359079034,904.1576227255763,3285.6085538863767,-1060.9587504569758,4.264243900383588,0 days 02:49:17.142857142,82053.99580380309
2025-02-07,9,5,4,0.5555555555555556,2774.3243126956972,2868.3599901927155,-94.03567749701818,-10.448408610779799,1136.6891974856658,-1153.9227474125723,0.9672162218764249,0 days 01:55:00,81959.96012630608
2025-02-09,1,0,1,0.0,0.0,935.1588766549099,-935.1588766549099,-935.1588766549099,-935.1588766549099,-935.1588766549099,0.0,2 days 01:30:00,81024.80124965117
2025-02-10,2,1,1,0.5,3625.499510765039,521.1502573368634,3104.3492534281754,1552.1746267140877,3625.499510765039,-521.1502573368634,6.956725934074656,0 days 06:52:30,84129.15050307933
2025-02-11,2,0,2,0.0,0.0,893.1379714659543,-893.1379714659543,-446.5689857329771,-269.41131669696006,-623.7266547689942,0.0,0 days 03:00:00,83236.01253161338
2025-02-12,3,3,0,1.0,3044.8110847781186,0.0,3044.8110847781186,1014.9370282593728,2514.990532398187,6.239195907888018,3044811084778.118,0 days 02:10:00,86280.8236163915
2025-02-13,5,3,2,0.6,5550.100639837112,1437.6926862604973,4112.407953576614,822.4815907153228,3230.3443491458524,-771.5637454378594,3.860422114459781,0 days 03:00:00,90393.2315699681
2025-02-14,6,4,2,0.6666666666666666,2125.490247221599,2106.261128724569,19.22911849702996,3.2048530828383264,698.0462754179229,-1406.7996997978157,1.009129503571418,0 days 02:30:00,90412.46068846513
2025-02-16,1,1,0,1.0,913.744317772327,0.0,913.744317772327,913.744317772327,913.744317772327,913.744317772327,913744317772.3269,2 days 06:30:00,91326.20500623746
2025-02-17,3,2,1,0.6666666666666666,1111.3344559573334,496.44652478340134,614.8879311739322,204.96264372464407,986.0267217217995,-496.44652478340134,2.238578377484275,0 days 05:05:00,91941.09293741139
2025-02-18,2,1,1,0.5,611.4685014992176,663.1023319008661,-51.63383040164854,-25.81691520082427,611.4685014992176,-663.1023319008661,0.922132937983141,0 days 05:15:00,91889.45910700974
2025-02-19,3,3,0,1.0,3601.902646894686,0.0,3601.902646894686,1200.634215631562,2006.1903274634574,544.4798996802333,3601902646894.6855,0 days 05:45:00,95491.36175390442
2025-02-20,5,4,1,0.8,5977.621751618948,885.9100960322266,5091.7116555867215,1018.3423311173443,3380.4425537585844,-885.9100960322266,6.7474360867894445,0 days 03:54:00,100583.07340949115
2025-02-21,6,2,4,0.3333333333333333,4972.2522446147295,3735.625037868075,1236.627206746654,206.10453445777569,3349.283093213998,-1426.2195618766996,1.3310362239815157,0 days 02:40:00,101819.7006162378
2025-02-24,3,3,0,1.0,4073.0698257341232,0.0,4073.0698257341232,1357.6899419113745,2546.102920174562,609.4380975279279,4073069825734.123,0 days 02:50:00,105892.77044197192
2025-02-25,8,3,5,0.375,6352.169558869534,3522.6294044558913,2829.5401544136425,353.6925193017053,3642.6256686448683,-893.5564420937823,1.803246617664198,0 days 02:26:15,108722.31059638556
2025-02-26,3,1,2,0.3333333333333333,73.54639660237439,893.6162210373197,-820.0698244349454,-273.3566081449818,73.54639660237439,-808.3773868641373,0.08230199370933632,0 days 06:20:00,107902.24077195062
2025-02-27,11,6,5,0.5454545454545454,3557.5712244760352,2440.352301683248,1117.2189227927875,101.56535661752613,1174.7564065840309,-746.0000917060156,1.45781050630361,0 days 02:40:54.545454545,109019.4596947434
2025-02-28,9,3,6,0.3333333333333333,4554.779873581659,3841.087914634123,713.6919589475351,79.29910654972612,2533.888643329952,-1289.4300314928842,1.1858046404583575,0 days 01:35:00,109733.15165369093
2025-03-03,12,7,5,0.5833333333333334,8976.543072647351,4794.0906068137965,4182.452465833555,348.5377054861296,2708.2134786746574,-1618.569259345513,1.8724183184792282,0 days 01:02:30,113915.60411952449
2025-03-04,16,8,8,0.5,3896.048937905647,6634.857848964111,-2738.8089110584638,-171.17555694115399,1759.6498715387056,-1301.7210036516005,0.5872091047909836,0 days 00:55:18.750000,111176.79520846602
2025-03-06,5,2,3,0.4,2768.024935837268,1319.9173458942182,1448.1075899430493,289.62151798860987,2226.659845667605,-909.7811739655128,2.0971199025814644,0 days 02:36:00,112624.90279840906
2025-03-07,1,0,1,0.0,0.0,418.8369630273101,-418.8369630273101,-418.8369630273101,-418.8369630273101,-418.8369630273101,0.0,0 days 02:00:00,112206.06583538176
2025-03-10,3,2,1,0.6666666666666666,2798.5876087282477,87.73321893617947,2710.854389792068,903.6181299306894,1752.6634174369278,-87.73321893617947,31.89883652580955,0 days 19:20:00,114916.92022517382
2025-03-11,1,1,0,1.0,1276.167743424196,0.0,1276.167743424196,1276.167743424196,1276.167743424196,1276.167743424196,1276167743424.196,0 days 06:15:00,116193.08796859802
2025-03-12,3,2,1,0.6666666666666666,1199.692855298963,1449.9600747721431,-250.26721947318015,-83.42240649106004,984.9231471380477,-1449.9600747721431,0.827397165047797,0 days 02:00:00,115942.82074912483
2025-03-13,6,3,3,0.5,4775.571888287985,2894.752191345525,1880.8196969424598,313.46994949041,3487.3142033815016,-1222.9164862210027,1.649734268296115,0 days 04:05:00,117823.6404460673
2025-03-18,4,1,3,0.25,2606.845581531488,1874.1838800775313,732.6617014539564,183.1654253634891,2606.845581531488,-988.5105565061139,1.3909230621616742,0 days 03:41:15,118556.30214752124
2025-03-19,7,2,5,0.2857142857142857,571.2862101929375,3156.8291918133373,-2585.5429816204,-369.3632830886286,356.60649304050196,-1162.0171778155636,0.1809683627085255,0 days 02:21:25.714285714,115970.75916590085
2025-03-20,1,1,0,1.0,1604.4521146658112,0.0,1604.4521146658112,1604.4521146658112,1604.4521146658112,1604.4521146658112,1604452114665.811,0 days 13:15:00,117575.21128056665
2025-03-21,1,1,0,1.0,3558.7357968091596,0.0,3558.7357968091596,3558.7357968091596,3558.7357968091596,3558.7357968091596,3558735796809.159,0 days 04:00:00,121133.94707737581
2025-03-23,2,2,0,1.0,4115.852210700169,0.0,4115.852210700169,2057.9261053500845,2612.724640965425,1503.127569734744,4115852210700.169,1 days 03:52:30,125249.79928807597
2025-03-24,3,2,1,0.6666666666666666,1482.8859275553582,1076.985738706071,405.90018884928713,135.30006294976238,976.8901816098107,-1076.985738706071,1.376885388786067,0 days 02:10:00,125655.69947692526
2025-03-25,2,2,0,1.0,3142.961837949457,0.0,3142.961837949457,1571.4809189747284,1987.169985537264,1155.791852412193,3142961837949.4565,0 days 11:45:00,128798.66131487471
2025-03-26,3,1,2,0.3333333333333333,1904.8584458684559,1048.6059152235541,856.2525306449018,285.41751021496725,1904.8584458684559,-987.1722005982946,1.816562750804582,0 days 04:20:00,129654.91384551961
2025-03-27,2,1,1,0.5,576.6581312227927,407.52003136624637,169.13809985654632,84.56904992827316,576.6581312227927,-407.52003136624637,1.4150424196069482,0 days 03:30:00,129824.05194537615
2025-03-28,3,2,1,0.6666666666666666,4778.286134302241,817.4999318379577,3960.7862024642836,1320.2620674880945,3535.740265250169,-817.4999318379577,5.844998816769784,0 days 05:45:00,133784.83814784043
2025-03-30,2,1,1,0.5,3343.5338228940595,580.1048004529364,2763.4290224411234,1381.7145112205617,3343.5338228940595,-580.1048004529364,5.763672047332625,1 days 04:07:30,136548.26717028156
2025-03-31,4,2,2,0.5,1272.9254240407784,1233.926311415793,38.999112624985344,9.749778156246336,959.6533448864548,-1199.433032993504,1.0316057063247466,0 days 01:37:30,136587.26628290655
2025-04-01,7,5,2,0.7142857142857143,3265.5707070311023,1370.3711861419592,1895.1995208891433,270.74278869844903,1452.4907475621305,-1000.9172288291239,2.382982610882783,0 days 03:10:42.857142857,138482.4658037957
2025-04-02,8,5,3,0.625,5887.1930174556155,1358.0008424379032,4529.1921750177125,566.1490218772141,4069.311493096052,-859.3286291493243,4.335190990667457,0 days 01:50:37.500000,143011.6579788134
2025-04-03,10,4,6,0.4,6385.598193149434,3185.3105702520634,3200.2876228973705,320.0287622897371,3443.440252542459,-1330.386798181692,2.004701912832356,0 days 01:36:00,146211.94560171076
2025-04-04,23,10,13,0.43478260869565216,9280.065534321035,11682.720681094474,-2402.6551467734416,-104.4632672510192,3234.8708897828687,-1496.1002101645634,0.7943411288894779,0 days 00:38:28.695652173,143809.29045493732
2025-04-06,1,1,0,1.0,9765.510065330225,0.0,9765.510065330225,9765.510065330225,9765.510065330225,9765.510065330225,9765510065330.225,2 days 01:15:00,153574.80052026754
2025-04-07,6,2,4,0.3333333333333333,1992.4000305887475,4203.279878720068,-2210.8798481313197,-368.4799746885533,1377.0603229421852,-1535.581575870296,0.47401079349382963,0 days 01:02:30,151363.9206721362
2025-04-08,14,6,8,0.42857142857142855,4264.428217335479,5222.970945188415,-958.5427278529367,-68.46733770378118,1970.7441149266388,-1395.1189875754721,0.816475577231388,0 days 01:10:42.857142857,150405.37794428327
2025-04-09,29,15,14,0.5172413793103449,19439.690030062302,8140.170349182498,11299.519680879805,389.6386096855105,7218.929309278024,-1299.014277393944,2.3881183312109178,0 days 00:36:43.448275862,161704.89762516308
2025-04-10,7,5,2,0.7142857142857143,5285.007255112725,1823.0861676092047,3461.921087503519,494.5601553576456,3483.3573788404096,-1276.3636635843554,2.8989344272429447,0 days 01:30:00,165166.8187126666
2025-04-11,4,2,2,0.5,3482.6741569717824,1122.1666209104626,2360.50753606132,590.12688401533,1796.1308948267103,-945.0848775980489,3.1035267776421094,0 days 01:18:45,167527.3262487279
2025-04-14,2,2,0,1.0,4716.151221896802,0.0,4716.151221896802,2358.075610948401,3659.620100259744,1056.5311216370574,4716151221896.802,0 days 02:22:30,172243.47747062473
2025-04-15,2,1,1,0.5,213.81761363164742,273.2852774418859,-59.46766381023849,-29.733831905119246,213.81761363164742,-273.2852774418859,0.7823971186194459,0 days 04:07:30,172184.0098068145
2025-04-16,3,3,0,1.0,4919.972570834581,0.0,4919.972570834581,1639.9908569448605,3510.0391149520506,389.6901601061984,4919972570834.581,0 days 07:00:00,177103.98237764908
2025-04-17,2,2,0,1.0,1959.5706931280502,0.0,1959.5706931280502,979.7853465640251,1608.9996968243624,350.5709963036878,1959570693128.05,0 days 05:22:30,179063.55307077712
2025-04-21,3,2,1,0.6666666666666666,1506.904873413795,121.48438297433728,1385.4204904394578,461.80683014648594,1212.295764146667,-121.48438297433728,12.404103610026302,1 days 07:30:00,180448.97356121658
2025-04-22,5,2,3,0.4,4410.516374971345,1344.2216961379997,3066.2946788333443,613.2589357666689,2698.944711685144,-922.3958035379809,3.2810929831313738,0 days 03:00:00,183515.26824004992
2025-04-23,9,5,4,0.5555555555555556,4820.092081482777,3019.335414900404,1800.7566665823729,200.0840740647081,2111.2791023752065,-1150.6026150675339,1.596408288292731,0 days 01:36:40,185316.0249066323
2025-04-24,2,0,2,0.0,0.0,1305.4474908603027,-1305.4474908603027,-652.7237454301513,-331.83523991125696,-973.6122509490457,0.0,0 days 06:37:30,184010.577415772
2025-04-25,2,1,1,0.5,2674.5362222194303,875.523192041527,1799.0130301779034,899.5065150889517,2674.5362222194303,-875.523192041527,3.054786265550547,0 days 03:00:00,185809.5904459499
2025-04-28,1,1,0,1.0,748.7387437549628,0.0,748.7387437549628,748.7387437549628,748.7387437549628,748.7387437549628,748738743754.9628,2 days 12:00:00,186558.32918970488
2025-04-29,2,2,0,1.0,2037.0440122533325,0.0,2037.0440122533325,1018.5220061266663,1159.7875996056857,877.2564126476468,2037044012253.3325,0 days 17:22:30,188595.3732019582
2025-04-30,2,1,1,0.5,3528.8856565951933,1163.3971205397274,2365.488536055466,1182.744268027733,3528.8856565951933,-1163.3971205397274,3.0332597479337577,0 days 04:22:30,190960.86173801366
2025-05-02,3,2,1,0.6666666666666666,4122.521217717442,73.83006312522156,4048.6911545922203,1349.5637181974068,3564.182484149896,-73.83006312522156,55.83797498216036,0 days 05:55:00,195009.5528926059
2025-05-05,1,1,0,1.0,3510.4523092507948,0.0,3510.4523092507948,3510.4523092507948,3510.4523092507948,3510.4523092507948,3510452309250.7944,2 days 12:45:00,198520.0052018567
2025-05-06,3,2,1,0.6666666666666666,1612.8151176908502,969.9999994195423,642.8151182713079,214.27170609043597,1249.8248770880948,-969.9999994195423,1.6626959986144072,0 days 09:30:00,199162.820320128
2025-05-07,4,2,2,0.5,1323.6383492933116,1428.026256766927,-104.38790747361531,-26.09697686840383,1214.5141784555308,-818.3334106113236,0.9269005685442009,0 days 04:18:45,199058.4324126544
2025-05-09,1,1,0,1.0,3431.0037434100736,0.0,3431.0037434100736,3431.0037434100736,3431.0037434100736,3431.0037434100736,3431003743410.073,0 days 11:15:00,202489.43615606448
2025-05-12,4,0,4,0.0,0.0,2639.2004205962894,-2639.2004205962894,-659.8001051490724,-278.8195371395048,-1220.2568200730043,0.0,0 days 01:52:30,199850.2357354682
2025-05-13,1,1,0,1.0,1166.9187902682836,0.0,1166.9187902682836,1166.9187902682836,1166.9187902682836,1166.9187902682836,1166918790268.2834,0 days 13:00:00,201017.15452573646
2025-05-14,4,3,1,0.75,3913.4496791483853,328.9154011219608,3584.5342780264245,896.1335695066061,1914.9048134090733,-328.9154011219608,11.898043283468171,0 days 05:15:00,204601.6888037629
2025-05-15,4,2,2,0.5,3790.881585247213,1090.9401236995748,2699.9414615476385,674.9853653869096,3596.3008344173063,-721.7351719624077,3.4748759376377594,0 days 06:45:00,207301.63026531052
2025-05-16,2,1,1,0.5,819.7423655621492,293.7843369868034,525.9580285753458,262.9790142876729,819.7423655621492,-293.7843369868034,2.7902861465312614,0 days 07:00:00,207827.58829388587
2025-05-18,1,1,0,1.0,1332.7063062237698,0.0,1332.7063062237698,1332.7063062237698,1332.7063062237698,1332.7063062237698,1332706306223.7698,2 days 04:30:00,209160.29460010963
2025-05-19,1,1,0,1.0,370.92072446533564,0.0,370.92072446533564,370.92072446533564,370.92072446533564,370.92072446533564,370920724465.33563,0 days 04:45:00,209531.21532457497
2025-05-20,3,1,2,0.3333333333333333,1416.1886897731647,519.5996029733365,896.5890867998282,298.8630289332761,1416.1886897731647,-508.14642702156476,2.72553843703733,0 days 07:10:00,210427.8044113748
2025-05-21,3,3,0,1.0,2314.550736909119,0.0,2314.550736909119,771.5169123030397,1070.332158041758,255.71660722729916,2314550736909.119,0 days 08:50:00,212742.3551482839
2025-05-22,4,3,1,0.75,3669.598144004773,479.46824194753646,3190.1299020572364,797.5324755143091,3343.444520235025,-479.46824194753646,7.653474876874747,0 days 04:03:45,215932.48505034114
2025-05-23,3,1,2,0.3333333333333333,1108.8539800363292,423.68185625517185,685.1721237811573,228.39070792705243,1108.8539800363292,-374.0255658554261,2.6171854273799657,0 days 04:35:00,216617.6571741223
2025-05-25,1,0,1,0.0,0.0,1238.286443192436,-1238.286443192436,-1238.286443192436,-1238.286443192436,-1238.286443192436,0.0,2 days 06:45:00,215379.37073092986
2025-05-27,8,1,7,0.125,787.9744025280928,6219.338306033203,-5431.363903505108,-678.9204879381385,787.9744025280928,-1418.241989612561,0.1266974658322898,0 days 03:56:15,209948.00682742475
2025-05-28,5,1,4,0.2,1731.079194160337,2519.403726443755,-788.3245322834183,-157.66490645668367,1731.079194160337,-1239.242217359596,0.6870987670578024,0 days 04:39:00,209159.68229514133
2025-05-29,1,1,0,1.0,3625.6949692964185,0.0,3625.6949692964185,3625.6949692964185,3625.6949692964185,3625.6949692964185,3625694969296.4185,0 days 12:15:00,212785.37726443776
2025-05-30,3,1,2,0.3333333333333333,1257.7364782989875,2107.29066052113,-849.5541822221426,-283.1847274073809,1257.7364782989875,-1093.3071659142754,0.5968500225725629,0 days 03:45:00,211935.82308221562
2025-06-02,3,3,0,1.0,2580.484935177857,0.0,2580.484935177857,860.1616450592857,1496.895352386126,147.66106563137527,2580484935177.857,0 days 23:50:00,214516.3080173935
2025-06-03,5,2,3,0.4,4671.400247496678,1855.16319794273,2816.237049553948,563.2474099107897,2577.456095814668,-1553.9334088563735,2.51805353441519,0 days 03:42:00,217332.54506694744
2025-06-04,5,2,3,0.4,2261.4019250122224,2249.7186632382127,11.68326177401002,2.336652354802004,1310.1458567558238,-1411.435258375775,1.0051932101399705,0 days 03:51:00,217344.22832872145
2025-06-05,2,2,0,1.0,3022.83624700582,0.0,3022.83624700582,1511.41812350291,1641.4790209060116,1381.3572260998085,3022836247005.82,0 days 10:30:00,220367.06457572727
2025-06-06,2,0,2,0.0,0.0,1032.6928159495524,-1032.6928159495524,-516.3464079747762,-59.61177535040463,-973.0810405991476,0.0,0 days 03:37:30,219334.3717597777
2025-06-09,2,1,1,0.5,499.79699620769935,488.57921414392536,11.217782063773996,5.608891031886998,499.79699620769935,-488.57921414392536,1.022960006768666,1 days 10:30:00,219345.5895418415
2025-06-10,3,2,1,0.6666666666666666,5253.418369934203,438.5374748534332,4814.880895080769,1604.9602983602563,3463.8268291949857,-438.5374748534332,11.979405800359448,0 days 11:10:00,224160.47043692227
2025-06-11,4,1,3,0.25,513.9498602207482,1691.569343520179,-1177.6194832994306,-294.40487082485765,513.9498602207482,-916.2784067286225,0.3038302048860802,0 days 03:26:15,222982.85095362284
2025-06-12,4,1,3,0.25,3602.4902254342664,2337.8693550861412,1264.6208703481252,316.1552175870313,3602.4902254342664,-1460.2992935277825,1.5409288023716488,0 days 06:15:00,224247.47182397096
2025-06-13,4,3,1,0.75,4761.193240270942,882.4732495773092,3878.719990693632,969.679997673408,2549.78273212906,-882.4732495773092,5.395283361338691,0 days 02:30:00,228126.1918146646
2025-06-16,5,2,3,0.4,394.6332425446144,3330.7399413192015,-2936.106698774587,-587.2213397549174,239.2041577991506,-1186.3356767910886,0.11848215396495727,0 days 04:30:00,225190.08511589002
2025-06-17,5,4,1,0.8,4427.554376268631,127.3791863702769,4300.175189898354,860.0350379796707,3517.2307878732313,-127.3791863702769,34.75885270139998,0 days 03:51:00,229490.26030578837
2025-06-18,4,3,1,0.75,1941.9141008397175,212.40195445803778,1729.51214638168,432.37803659542,821.0508719456016,-212.40195445803778,9.142637626827312,0 days 06:41:15,231219.77245217006
2025-06-19,1,1,0,1.0,565.9603159184385,0.0,565.9603159184385,565.9603159184385,565.9603159184385,565.9603159184385,565960315918.4385,0 days 04:45:00,231785.7327680885
2025-06-22,1,0,1,0.0,0.0,165.88327438175554,-165.88327438175554,-165.88327438175554,-165.88327438175554,-165.88327438175554,0.0,2 days 09:00:00,231619.84949370674
2025-06-23,3,3,0,1.0,1667.3865865870923,0.0,1667.3865865870923,555.7955288623641,1176.5968218283263,219.83473110295648,1667386586587.0923,0 days 02:50:00,233287.23608029383
2025-06-24,1,1,0,1.0,597.7981702261629,0.0,597.7981702261629,597.7981702261629,597.7981702261629,597.7981702261629,597798170226.1628,0 days 10:00:00,233885.03425052
2025-06-25,1,1,0,1.0,238.0072162239273,0.0,238.0072162239273,238.0072162239273,238.0072162239273,238.0072162239273,238007216223.92728,0 days 15:30:00,234123.04146674392
2025-06-26,4,1,3,0.25,455.6337802809338,2320.8826308872403,-1865.2488506063066,-466.31221265157666,455.6337802809338,-1090.4042211491715,0.1963191822874522,0 days 05:11:15,232257.79261613762
2025-06-27,4,1,3,0.25,772.431049676797,1547.3115079908625,-774.8804583140655,-193.7201145785164,772.431049676797,-939.6710106780333,0.49920849530795225,0 days 05:11:15,231482.91215782356
2025-06-30,3,1,2,0.3333333333333333,3744.3038165568937,2149.086591458989,1595.217225097905,531.739075032635,3744.3038165568937,-1101.4332419211357,1.742276849819686,0 days 21:15:00,233078.12938292147
2025-07-01,4,2,2,0.5,4383.602066246233,1187.3462761940489,3196.2557900521842,799.0639475130461,3415.334710478746,-1171.2394743267894,3.691932298215098,0 days 05:26:15,236274.38517297365
2025-07-02,6,2,4,0.3333333333333333,1523.508326754069,1674.899418449705,-151.3910916956362,-25.231848615939366,1027.776057526566,-786.1756445241923,0.9096118309983268,0 days 03:10:00,236122.994081278
2025-07-03,5,4,1,0.8,3173.4568116678474,482.65887836456756,2690.79793330328,538.159586660656,1650.5671864280416,-482.65887836456756,6.574947553892989,0 days 04:54:00,238813.7920145813
2025-07-04,1,1,0,1.0,450.8432525328132,0.0,450.8432525328132,450.8432525328132,450.8432525328132,450.8432525328132,450843252532.8132,0 days 17:00:00,239264.63526711412
2025-07-07,1,1,0,1.0,166.28566003941359,0.0,166.28566003941359,166.28566003941359,166.28566003941359,166.28566003941359,166285660039.41357,0 days 04:00:00,239430.92092715352
2025-07-08,2,0,2,0.0,0.0,1270.695897738719,-1270.695897738719,-635.3479488693595,-344.72550496712273,-925.9703927715962,0.0,0 days 05:07:30,238160.2250294148
2025-07-09,1,1,0,1.0,3379.76474463936,0.0,3379.76474463936,3379.76474463936,3379.76474463936,3379.76474463936,3379764744639.36,0 days 17:15:00,241539.98977405418
2025-07-10,1,0,1,0.0,0.0,909.5477611643403,-909.5477611643403,-909.5477611643403,-909.5477611643403,-909.5477611643403,0.0,0 days 03:45:00,240630.44201288983
2025-07-11,4,2,2,0.5,2655.1911303967586,1662.0670668776115,993.1240635191472,248.2810158797868,1386.8505614288083,-1074.3982113606023,1.597523459378115,0 days 06:33:45,241623.56607640898
2025-07-13,1,1,0,1.0,1013.7666327707109,0.0,1013.7666327707109,1013.7666327707109,1013.7666327707109,1013.7666327707109,1013766632770.7108,2 days 04:45:00,242637.3327091797
2025-07-14,2,1,1,0.5,583.5793088671437,980.4637775926324,-396.88446872548866,-198.44223436274433,583.5793088671437,-980.4637775926324,0.5952074132713263,0 days 03:07:30,242240.44824045422
2025-07-15,2,0,2,0.0,0.0,880.4428732013533,-880.4428732013533,-440.22143660067667,-108.72050811728684,-771.7223650840665,0.0,0 days 11:45:00,241360.00536725286
2025-07-16,2,1,1,0.5,3866.4190235631463,684.0896890146979,3182.3293345484485,1591.1646672742243,3866.4190235631463,-684.0896890146979,5.651918287398825,0 days 11:00:00,244542.3347018013
2025-07-17,3,1,2,0.3333333333333333,295.39237744441493,1884.2895216916631,-1588.897144247248,-529.6323814157494,295.39237744441493,-1377.3817316577563,0.1567659184238417,0 days 06:15:00,242953.43755755405
2025-07-18,1,1,0,1.0,859.278347464958,0.0,859.278347464958,859.278347464958,859.278347464958,859.278347464958,859278347464.9579,0 days 11:00:00,243812.715905019
2025-07-20,1,1,0,1.0,1805.4706722896938,0.0,1805.4706722896938,1805.4706722896938,1805.4706722896938,1805.4706722896938,1805470672289.6936,2 days 12:15:00,245618.1865773087
2025-07-21,3,1,2,0.3333333333333333,476.59277039878845,469.5288086200762,7.063961778712269,2.354653926237423,476.59277039878845,-304.65596874690704,1.0150447888372875,0 days 04:15:00,245625.2505390874
2025-07-22,3,2,1,0.6666666666666666,3340.1408494363454,5.845860714408957,3334.2949887219365,1111.431662907312,3096.950584650003,-5.845860714408957,571.3685311050126,0 days 05:25:00,248959.54552780933
2025-07-23,5,2,3,0.4,1442.7305325279037,1329.9252003733386,112.80533215456518,22.561066430913037,1125.268372096727,-924.8641488593705,1.084820809563499,0 days 02:51:00,249072.3508599639
2025-07-24,4,2,2,0.5,997.1141081461851,853.5103045195028,143.60380362668224,35.90095090667056,646.4462610357557,-728.814119383351,1.1682508141568675,0 days 04:41:15,249215.95466359056
2025-07-25,2,1,1,0.5,1245.302288449743,1077.9018284881518,167.4004599615912,83.7002299807956,1245.302288449743,-1077.9018284881518,1.1553021393389642,0 days 03:30:00,249383.35512355214
2025-07-27,1,1,0,1.0,1297.8775622976002,0.0,1297.8775622976002,1297.8775622976002,1297.8775622976002,1297.8775622976002,1297877562297.6,2 days 14:45:00,250681.23268584974
2025-07-28,1,0,1,0.0,0.0,239.0925603305405,-239.0925603305405,-239.0925603305405,-239.0925603305405,-239.0925603305405,0.0,0 days 02:15:00,250442.1401255192
2025-07-29,3,2,1,0.6666666666666666,3901.733829062664,912.2060612940714,2989.5277677685926,996.5092559228642,3699.7685223817457,-912.2060612940714,4.277250497028705,0 days 09:05:00,253431.66789328778
2025-07-30,2,1,1,0.5,903.779475404221,350.2283934988739,553.551081905347,276.7755409526735,903.779475404221,-350.2283934988739,2.580543131798156,0 days 09:15:00,253985.21897519313
2025-07-31,7,3,4,0.42857142857142855,5029.323496672497,1994.8694366755858,3034.4540599969105,433.49343714241576,3362.872013449632,-1175.5821660279296,2.5211291547249197,0 days 03:10:42.857142857,257019.67303519003
2025-08-01,8,6,2,0.75,8086.332812978626,2124.1350443657793,5962.197768612847,745.2747210766058,3453.243398666345,-1149.9884188044548,3.806882634146752,0 days 03:05:37.500000,262981.87080380286
2025-08-03,1,1,0,1.0,210.84121438224912,0.0,210.84121438224912,210.84121438224912,210.84121438224912,210.84121438224912,210841214382.2491,2 days 02:45:00,263192.7120181851
2025-08-04,6,2,4,0.3333333333333333,2486.145706147774,3167.8895048289346,-681.7437986811608,-113.62396644686014,1558.947287982889,-1074.383293796302,0.7847955878379115,0 days 03:00:00,262510.96821950393
2025-08-05,2,1,1,0.5,2523.4795153140653,115.75615159085118,2407.7233637232143,1203.8616818616072,2523.4795153140653,-115.75615159085118,21.799960353152493,0 days 04:07:30,264918.69158322713
2025-08-06,3,2,1,0.6666666666666666,1079.4037593655687,592.2754413265138,487.12831803905493,162.3761060130183,724.5001588842968,-592.2754413265138,1.8224692162620115,0 days 08:05:00,265405.8199012662
2025-08-07,6,4,2,0.6666666666666666,3766.6036971184767,1709.5625950357417,2057.041102082735,342.8401836804558,2405.7221406568274,-1290.841673314553,2.203255796573935,0 days 03:22:30,267462.86100334895
2025-08-08,1,1,0,1.0,2626.486161351167,0.0,2626.486161351167,2626.486161351167,2626.486161351167,2626.486161351167,2626486161351.167,0 days 09:45:00,270089.3471647001
2025-08-11,3,0,3,0.0,0.0,824.6421402035509,-824.6421402035509,-274.88071340118364,-40.46332656582052,-709.3809605943875,0.0,1 days 00:10:00,269264.70502449654
2025-08-12,1,1,0,1.0,1077.3835749423313,0.0,1077.3835749423313,1077.3835749423313,1077.3835749423313,1077.3835749423313,1077383574942.3312,0 days 07:30:00,270342.0885994389
2025-08-13,3,2,1,0.6666666666666666,1346.877394064478,420.7499117967046,926.1274822677734,308.7091607559245,772.1434233413831,-420.7499117967046,3.20113529748107,0 days 07:45:00,271268.2160817067
2025-08-14,2,2,0,1.0,3557.843622885869,0.0,3557.843622885869,1778.9218114429345,3368.398317694627,189.44530519124214,3557843622885.8687,0 days 05:30:00,274826.05970459257
2025-08-15,2,1,1,0.5,3288.3720934390653,762.7866321064048,2525.5854613326605,1262.7927306663303,3288.3720934390653,-762.7866321064048,4.3109985873223255,0 days 08:30:00,277351.6451659252
2025-08-18,2,1,1,0.5,230.4298604438486,1000.6619281887267,-770.2320677448781,-385.11603387243906,230.4298604438486,-1000.6619281887267,0.23027743331950679,1 days 08:07:30,276581.4130981803
2025-08-19,1,1,0,1.0,1576.4252928387705,0.0,1576.4252928387705,1576.4252928387705,1576.4252928387705,1576.4252928387705,1576425292838.7703,0 days 18:45:00,278157.8383910191
2025-08-20,4,2,2,0.5,5024.795192884789,2438.361945058453,2586.4332478263354,646.6083119565839,3142.337450385057,-1320.0395240973037,2.060725727395788,0 days 08:03:45,280744.27163884544
2025-08-21,4,2,2,0.5,2953.5703550076423,2081.340452567254,872.2299024403883,218.05747561009707,2631.5874546765913,-1063.6872248001623,1.419071229487961,0 days 01:41:15,281616.50154128583
2025-08-22,4,1,3,0.25,1143.622685165994,1972.043611593797,-828.4209264278031,-207.10523160695078,1143.622685165994,-810.3632628297462,0.5799175426154612,0 days 06:18:45,280788.080614858
2025-08-25,1,0,1,0.0,0.0,506.25025135942536,-506.25025135942536,-506.25025135942536,-506.25025135942536,-506.25025135942536,0.0,0 days 08:00:00,280281.8303634986
2025-08-26,2,2,0,1.0,1769.1162449602587,0.0,1769.1162449602587,884.5581224801293,1135.2816318573673,633.8346131028914,1769116244960.2585,0 days 08:37:30,282050.9466084589
2025-08-27,2,1,1,0.5,302.6920939350859,485.007658001237,-182.31556406615113,-91.15778203307556,302.6920939350859,-485.007658001237,0.6240975558664558,0 days 09:22:30,281868.6310443927
2025-08-29,1,1,0,1.0,3705.60186505314,0.0,3705.60186505314,3705.60186505314,3705.60186505314,3705.60186505314,3705601865053.1396,1 days 20:00:00,285574.2329094458
2025-09-01,2,1,1,0.5,2499.9392569064726,306.35625752824325,2193.5829993782295,1096.7914996891147,2499.9392569064726,-306.35625752824325,8.160235658564934,1 days 09:30:00,287767.81590882404
2025-09-02,5,4,1,0.8,3883.5251304952435,1319.0870000725708,2564.4381304226727,512.8876260845345,2601.1708915233244,-1319.0870000725708,2.9441008290443222,0 days 06:03:00,290332.2540392467
2025-09-03,1,0,1,0.0,0.0,149.0451560260766,-149.0451560260766,-149.0451560260766,-149.0451560260766,-149.0451560260766,0.0,0 days 06:15:00,290183.2088832206
2025-09-04,2,2,0,1.0,1975.7391122737217,0.0,1975.7391122737217,987.8695561368609,1584.726646238522,391.0124660351997,1975739112273.7217,0 days 11:45:00,292158.94799549435
2025-09-05,3,2,1,0.6666666666666666,1182.6715193124924,764.9192454312583,417.75227388123415,139.2507579604114,1120.449233081743,-764.9192454312583,1.5461390550393421,0 days 07:20:00,292576.7002693756
2025-09-07,2,0,2,0.0,0.0,2178.186734286953,-2178.186734286953,-1089.0933671434766,-1028.2313915687523,-1149.9553427182009,0.0,1 days 01:37:30,290398.5135350886
2025-09-08,2,2,0,1.0,662.8683624450744,0.0,662.8683624450744,331.4341812225372,535.3430292960297,127.52533314904468,662868362445.0743,0 days 06:15:00,291061.3818975337
2025-09-09,1,1,0,1.0,1028.0589172473854,0.0,1028.0589172473854,1028.0589172473854,1028.0589172473854,1028.0589172473854,1028058917247.3853,0 days 11:30:00,292089.4408147811
2025-09-10,1,1,0,1.0,983.0162539798052,0.0,983.0162539798052,983.0162539798052,983.0162539798052,983.0162539798052,983016253979.8052,1 days 08:30:00,293072.45706876094
2025-09-11,2,0,2,0.0,0.0,961.5921601618566,-961.5921601618566,-480.7960800809283,-16.844518795075203,-944.7476413667814,0.0,0 days 03:37:30,292110.86490859906
2025-09-15,1,1,0,1.0,118.03666759065834,0.0,118.03666759065834,118.03666759065834,118.03666759065834,118.03666759065834,118036667590.65833,2 days 21:30:00,292228.90157618973
2025-09-16,2,0,2,0.0,0.0,932.2674287498173,-932.2674287498173,-466.13371437490866,-422.09876399392954,-510.16866475588785,0.0,0 days 12:22:30,291296.6341474399
2025-09-17,1,1,0,1.0,1765.6539490438945,0.0,1765.6539490438945,1765.6539490438945,1765.6539490438945,1765.6539490438945,1765653949043.8943,0 days 22:45:00,293062.2880964838
2025-09-18,2,1,1,0.5,107.40323599764423,471.7159316031925,-364.31269560554824,-182.15634780277412,107.40323599764423,-471.7159316031925,0.2276862594668349,0 days 07:30:00,292697.97540087823
2025-09-19,2,2,0,1.0,1447.480272260016,0.0,1447.480272260016,723.740136130008,1429.549760322807,17.93051193720885,1447480272260.0159,0 days 07:22:30,294145.45567313826
2025-09-21,1,0,1,0.0,0.0,1470.4497963541457,-1470.4497963541457,-1470.4497963541457,-1470.4497963541457,-1470.4497963541457,0.0,2 days 03:45:00,292675.0058767841
2025-09-22,1,0,1,0.0,0.0,285.14590253545435,-285.14590253545435,-285.14590253545435,-285.14590253545435,-285.14590253545435,0.0,0 days 06:45:00,292389.8599742486
2025-09-23,1,0,1,0.0,0.0,19.798434857804637,-19.798434857804637,-19.798434857804637,-19.798434857804637,-19.798434857804637,0.0,0 days 02:30:00,292370.0615393908
2025-09-24,1,1,0,1.0,199.68962129473766,0.0,199.68962129473766,199.68962129473766,199.68962129473766,199.68962129473766,199689621294.73764,0 days 12:00:00,292569.75116068556
2025-09-25,1,0,1,0.0,0.0,675.5477234625503,-675.5477234625503,-675.5477234625503,-675.5477234625503,-675.5477234625503,0.0,0 days 09:15:00,291894.203437223
2025-09-26,1,1,0,1.0,79.47449570664844,0.0,79.47449570664844,79.47449570664844,79.47449570664844,79.47449570664844,79474495706.64844,0 days 21:15:00,291973.67793292966
2025-09-29,3,1,2,0.3333333333333333,800.9251216147461,1026.0885868333958,-225.16346521864966,-75.05448840621655,800.9251216147461,-899.9494667516501,0.7805613783177094,0 days 22:50:00,291748.514467711
2025-10-01,2,2,0,1.0,3743.1630014805605,0.0,3743.1630014805605,1871.5815007402803,1968.0228782215322,1775.1401232590283,3743163001480.56,0 days 18:15:00,295491.67746919155
2025-10-02,3,2,1,0.6666666666666666,2087.535989006703,797.4846247968444,1290.0513642098588,430.01712140328624,1617.2542749836794,-797.4846247968444,2.617650452556992,0 days 09:15:00,296781.7288334014
2025-10-03,2,0,2,0.0,0.0,1832.1807313501354,-1832.1807313501354,-916.0903656750677,-834.8094919245312,-997.371239425604,0.0,0 days 04:00:00,294949.54810205125
2025-10-05,2,1,1,0.5,6575.385313961583,835.4369709826201,5739.948342978963,2869.9741714894817,6575.385313961583,-835.4369709826201,7.870594123010595,1 days 03:22:30,300689.4964450302
2025-10-06,5,3,2,0.6,7604.24396097649,865.0375207110699,6739.20644026542,1347.8412880530839,2601.412066817247,-757.8968309908234,8.790652172781733,0 days 02:42:00,307428.7028852956
2025-10-07,2,2,0,1.0,3328.0758332049345,0.0,3328.0758332049345,1664.0379166024672,2515.5912429093946,812.48459029554,3328075833204.934,0 days 10:22:30,310756.7787185006
2025-10-08,4,1,3,0.25,1033.1801774916016,1644.8645240002477,-611.6843465086461,-152.92108662716151,1033.1801774916016,-721.5923796556538,0.6281247862157954,0 days 04:03:45,310145.09437199193
2025-10-09,6,3,3,0.5,3353.840570741703,1417.3539802001615,1936.4865905415413,322.7477650902569,1367.0116358504602,-777.5668759125409,2.3662688485681374,0 days 04:47:30,312081.5809625335
2025-10-10,6,4,2,0.6666666666666666,5477.506444804021,2213.980963163969,3263.525481640052,543.9209136066753,2366.858654477241,-1207.90204656965,2.474053090761988,0 days 03:47:30,315345.10644417355
2025-10-13,1,0,1,0.0,0.0,1191.0116626597471,-1191.0116626597471,-1191.0116626597471,-1191.0116626597471,-1191.0116626597471,0.0,0 days 15:15:00,314154.0947815138
2025-10-14,2,2,0,1.0,3921.795971242361,0.0,3921.795971242361,1960.8979856211804,3446.51024937626,475.28572186610063,3921795971242.3604,0 days 04:30:00,318075.89075275615
2025-10-15,1,1,0,1.0,322.65644483030087,0.0,322.65644483030087,322.65644483030087,322.65644483030087,322.65644483030087,322656444830.30084,0 days 10:00:00,318398.54719758645
2025-10-16,4,3,1,0.75,2446.237098496994,73.64947731205262,2372.587621184941,593.1469052962352,1829.1815537002662,-73.64947731205262,33.214588721822075,0 days 03:56:15,320771.1348187714
2025-10-17,4,2,2,0.5,3747.0330689632265,1383.3803213926715,2363.652747570555,590.9131868926388,2128.1972953755853,-921.3935674933396,2.7086066000931885,0 days 03:26:15,323134.7875663419
2025-10-20,1,1,0,1.0,2234.585823715079,0.0,2234.585823715079,2234.585823715079,2234.585823715079,2234.585823715079,2234585823715.079,0 days 08:30:00,325369.373390057
2025-10-21,2,1,1,0.5,1624.9861586259228,1000.114450214383,624.8717084115398,312.4358542057699,1624.9861586259228,-1000.114450214383,1.6248001998947152,0 days 05:45:00,325994.24509846856
2025-10-22,5,1,4,0.2,533.0016248866159,1275.5554954835516,-742.5538705969358,-148.51077411938715,533.0016248866159,-795.3154806485329,0.41785843640190645,0 days 03:21:00,325251.69122787163
2025-10-24,1,1,0,1.0,262.84586119109576,0.0,262.84586119109576,262.84586119109576,262.84586119109576,262.84586119109576,262845861191.09573,0 days 06:30:00,325514.53708906274
2025-10-26,1,1,0,1.0,1156.148624672916,0.0,1156.148624672916,1156.148624672916,1156.148624672916,1156.148624672916,1156148624672.9158,2 days 08:15:00,326670.68571373564
2025-10-27,1,0,1,0.0,0.0,29.96212949750543,-29.96212949750543,-29.96212949750543,-29.96212949750543,-29.96212949750543,0.0,0 days 07:45:00,326640.72358423815
2025-10-28,5,3,2,0.6,5783.9604652837415,1286.7464747142492,4497.213990569492,899.4427981138984,3309.0031385421385,-1155.4638189274797,4.495027248136195,0 days 04:27:00,331137.9375748076
2025-10-29,6,4,2,0.6666666666666666,3509.9504316762022,1727.2891071681402,1782.661324508062,297.11022075134366,1629.2430183504223,-1450.0248253345305,2.0320572955101324,0 days 02:52:30,332920.5988993157
2025-10-30,3,3,0,1.0,2203.6620652076804,0.0,2203.6620652076804,734.5540217358935,1208.8412462579327,453.7577913556774,2203662065207.68,0 days 02:00:00,335124.26096452336
2025-10-31,3,2,1,0.6666666666666666,2641.3743952248437,1163.0176423157081,1478.3567529091356,492.7855843030452,1843.158968791627,-1163.0176423157081,2.271138716318653,0 days 08:20:00,336602.6177174325
2025-11-03,1,0,1,0.0,0.0,228.4928778398978,-228.4928778398978,-228.4928778398978,-228.4928778398978,-228.4928778398978,0.0,0 days 13:00:00,336374.1248395926
2025-11-04,6,3,3,0.5,4468.718986301625,1510.707888816192,2958.0110974854324,493.0018495809054,3451.240772008859,-883.7416215349733,2.9580298212405336,0 days 03:05:00,339332.13593707804
2025-11-05,3,2,1,0.6666666666666666,5920.574980974124,1216.5127737453217,4704.062207228802,1568.0207357429342,3331.5384030341734,-1216.5127737453217,4.866841605572489,0 days 06:00:00,344036.19814430684
2025-11-06,5,3,2,0.6,1153.6122885450482,2389.5418996727785,-1235.9296111277304,-247.18592222554608,808.2979305197639,-1244.5993038490997,0.4827755013222504,0 days 03:51:00,342800.2685331791
2025-11-07,2,1,1,0.5,731.9027167093068,1047.6001984801328,-315.697481770826,-157.848740885413,731.9027167093068,-1047.6001984801328,0.6986469817122576,0 days 03:07:30,342484.5710514083
2025-11-09,1,1,0,1.0,1297.1352712550583,0.0,1297.1352712550583,1297.1352712550583,1297.1352712550583,1297.1352712550583,1297135271255.0583,2 days 04:15:00,343781.70632266335
2025-11-10,1,1,0,1.0,608.6440609464461,0.0,608.6440609464461,608.6440609464461,608.6440609464461,608.6440609464461,608644060946.446,0 days 05:30:00,344390.35038360977
2025-11-11,1,1,0,1.0,1466.9034610554093,0.0,1466.9034610554093,1466.9034610554093,1466.9034610554093,1466.9034610554093,1466903461055.4092,0 days 06:00:00,345857.2538446652
2025-11-12,1,0,1,0.0,0.0,340.1591662652308,-340.1591662652308,-340.1591662652308,-340.1591662652308,-340.1591662652308,0.0,0 days 05:00:00,345517.09467839997
2025-11-13,4,3,1,0.75,1896.6482817638237,593.3598716504775,1303.2884101133463,325.8221025283366,749.4728710324665,-593.3598716504775,3.196455258236702,0 days 05:37:30,346820.38308851334
2025-11-14,4,2,2,0.5,3493.9405938696523,1068.2927385924686,2425.6478552771837,606.4119638192959,2479.2054046338803,-932.9354793279308,3.270583490507575,0 days 03:07:30,349246.0309437905
2025-11-17,2,1,1,0.5,42.72552987998779,42.43987126796611,0.2856586120216775,0.14282930601083876,42.72552987998779,-42.43987126796611,1.0067309019440238,1 days 06:15:00,349246.31660240254
2025-11-18,4,1,3,0.25,785.9395374630865,457.6967189747876,328.2428184882989,82.06070462207472,785.9395374630865,-288.7615427930541,1.7171622711728032,0 days 05:18:45,349574.5594208908
2025-11-19,5,1,4,0.2,481.67890418859116,1346.808446296272,-865.1295421076809,-173.02590842153617,481.67890418859116,-571.2510602426875,0.35764470108069923,0 days 03:54:00,348709.4298787831
2025-11-20,6,2,4,0.3333333333333333,4658.084931184036,2614.0681688239692,2044.016762360066,340.6694603933443,3480.313339829408,-1124.5805962894124,1.7819294028891524,0 days 02:30:00,350753.4466411432
2025-11-21,7,4,3,0.5714285714285714,1523.545557505713,2257.540695296676,-733.9951377909626,-104.8564482558518,956.7684557728953,-981.6468570993563,0.6748695873699391,0 days 01:06:25.714285714,350019.4515033522
2025-11-24,2,2,0,1.0,993.3907106981153,0.0,993.3907106981153,496.69535534905765,714.9209016585871,278.4698090395281,993390710698.1152,0 days 06:30:00,351012.8422140503
2025-11-25,2,0,2,0.0,0.0,1088.5833902366498,-1088.5833902366498,-544.2916951183249,-189.36116499453703,-899.2222252421129,0.0,0 days 05:52:30,349924.25882381364
2025-11-26,2,1,1,0.5,407.0313463549482,249.34991722862776,157.68142912632044,78.84071456316022,407.0313463549482,-249.34991722862776,1.632370088102909,0 days 05:00:00,350081.94025293994
2025-11-27,1,0,1,0.0,0.0,405.1006111889137,-405.1006111889137,-405.1006111889137,-405.1006111889137,-405.1006111889137,0.0,0 days 05:45:00,349676.839641751
2025-11-28,2,1,1,0.5,1581.7913082027815,804.4009475019677,777.3903607008137,388.6951803504069,1581.7913082027815,-804.4009475019677,1.9664214880837296,0 days 08:00:00,350454.23000245186
2025-12-01,2,2,0,1.0,2825.6344528877976,0.0,2825.6344528877976,1412.8172264438988,1711.310118951296,1114.3243339365015,2825634452887.7974,1 days 11:37:30,353279.8644553397
2025-12-02,2,1,1,0.5,598.2285625621203,1055.6934031833052,-457.464840621185,-228.7324203105925,598.2285625621203,-1055.6934031833052,0.5666688460477638,0 days 04:30:00,352822.3996147185
2025-12-03,3,2,1,0.6666666666666666,3032.200196666601,151.4706169553719,2880.7295797112292,960.2431932370764,2435.3019535541166,-151.4706169553719,20.018405269716336,0 days 05:00:00,355703.1291944297
2025-12-04,1,1,0,1.0,589.4358255555403,0.0,589.4358255555403,589.4358255555403,589.4358255555403,589.4358255555403,589435825555.5403,0 days 14:45:00,356292.56501998525
2025-12-05,2,1,1,0.5,333.37952634132506,848.5319099522499,-515.1523836109247,-257.5761918054624,333.37952634132506,-848.5319099522499,0.39288979286599324,0 days 08:22:30,355777.41263637436
2025-12-08,1,0,1,0.0,0.0,531.2872476032027,-531.2872476032027,-531.2872476032027,-531.2872476032027,-531.2872476032027,0.0,0 days 07:00:00,355246.1253887712
2025-12-09,5,2,3,0.4,4023.7617475970496,3469.262795869554,554.4989517274955,110.8997903454991,2777.7396827935804,-1419.851397691808,1.1598319252112215,0 days 06:09:00,355800.6243404987
2025-12-10,2,1,1,0.5,916.5518352854676,235.04428952212209,681.5075457633455,340.7537728816728,916.5518352854676,-235.04428952212209,3.8994856550182337,0 days 11:37:30,356482.13188626204
2025-12-11,2,2,0,1.0,1567.7888523759193,0.0,1567.7888523759193,783.8944261879597,974.6934722647609,593.0953801111584,1567788852375.9192,0 days 08:37:30,358049.920738638
2025-12-12,4,1,3,0.25,81.76263148946816,1159.639948868282,-1077.877317378814,-269.4693293447035,81.76263148946816,-517.6497364624879,0.07050691170933021,0 days 05:37:30,356972.04342125915
2025-12-15,4,1,3,0.25,3127.0140051841367,1341.956832803909,1785.0571723802275,446.26429309505687,3127.0140051841367,-694.8992612487075,2.3301897115799894,0 days 16:33:45,358757.10059363936
2025-12-16,3,3,0,1.0,6910.565865796393,0.0,6910.565865796393,2303.5219552654644,3144.5973306893934,628.5274274763069,6910565865796.393,0 days 06:40:00,365667.6664594358
2025-12-17,5,1,4,0.2,749.2098566914791,2452.005415873522,-1702.7955591820428,-340.55911183640853,749.2098566914791,-1234.0675167218578,0.3055498376314045,0 days 03:54:00,363964.8709002537
2025-12-18,1,0,1,0.0,0.0,836.0191726856385,-836.0191726856385,-836.0191726856385,-836.0191726856385,-836.0191726856385,0.0,0 days 01:00:00,363128.8517275681
2025-12-19,8,6,2,0.75,6257.03468662595,1806.7001944504782,4450.334492175472,556.291811521934,2680.5714160203565,-1158.336770838396,3.4632390619347198,0 days 02:31:52.500000,367579.18621974357
2025-12-21,1,0,1,0.0,0.0,830.4736911061923,-830.4736911061923,-830.4736911061923,-830.4736911061923,-830.4736911061923,0.0,2 days 02:45:00,366748.7125286374
2025-12-22,3,1,2,0.3333333333333333,688.4486367982134,1344.4125565085656,-655.9639197103521,-218.65463990345071,688.4486367982134,-1100.8514395752868,0.5120813796816299,0 days 04:10:00,366092.748608927
2025-12-23,3,2,1,0.6666666666666666,700.7485754617236,774.3123738701102,-73.56379840838656,-24.521266136128855,686.7229306480099,-774.3123738701102,0.9049946754167114,0 days 08:35:00,366019.18481051864
2025-12-24,1,1,0,1.0,1677.081607257854,0.0,1677.081607257854,1677.081607257854,1677.081607257854,1677.081607257854,1677081607257.854,0 days 18:45:00,367696.26641777647
2025-12-25,2,0,2,0.0,0.0,1641.7721323981666,-1641.7721323981666,-820.8860661990833,-698.2618149654058,-943.5103174327608,0.0,0 days 14:52:30,366054.4942853783
2025-12-26,3,2,1,0.6666666666666666,4080.200372077734,954.1919106628072,3126.0084614149264,1042.002820471642,2948.8377660512556,-954.1919106628072,4.276079399209659,0 days 04:40:00,369180.50274679327
2025-12-29,5,2,3,0.4,1690.1305306999532,2279.0577442960825,-588.9272135961294,-117.78544271922587,1615.4851979496812,-1141.9556121508024,0.7415917981586608,0 days 14:36:00,368591.57553319714
2025-12-31,3,3,0,1.0,1629.022997979149,0.0,1629.022997979149,543.0076659930497,807.7957421490112,345.3600768157301,1629022997979.149,0 days 12:15:00,370220.5985311763
2026-01-02,3,3,0,1.0,3738.2394275194956,0.0,3738.2394275194956,1246.0798091731651,2831.5279722213377,248.28509811506905,3738239427519.4956,0 days 16:10:00,373958.8379586958
2026-01-05,5,1,4,0.2,1157.93523904307,2443.271455625513,-1285.3362165824435,-257.0672433164887,1157.93523904307,-934.7474983930653,0.4739281983493814,0 days 14:42:00,372673.5017421133
2026-01-06,1,1,0,1.0,1330.9491449690968,0.0,1330.9491449690968,1330.9491449690968,1330.9491449690968,1330.9491449690968,1330949144969.0967,0 days 17:45:00,374004.45088708244
2026-01-07,1,0,1,0.0,0.0,237.9025470079199,-237.9025470079199,-237.9025470079199,-237.9025470079199,-237.9025470079199,0.0,0 days 08:15:00,373766.54834007454
2026-01-08,3,3,0,1.0,3828.494061205632,0.0,3828.494061205632,1276.164687068544,3462.371835112535,8.814773429477896,3828494061205.632,0 days 13:00:00,377595.0424012802
2026-01-09,3,1,2,0.3333333333333333,1089.8020787105338,1785.3439548030963,-695.5418760925625,-231.84729203085416,1089.8020787105338,-991.2252788490008,0.6104157553387112,0 days 06:30:00,376899.50052518764
2026-01-12,3,1,2,0.3333333333333333,1551.9479960859642,966.5779059095385,585.3700901764257,195.1233633921419,1551.9479960859642,-584.9862196541551,1.6056108737821804,1 days 02:30:00,377484.87061536405
2026-01-13,2,2,0,1.0,3788.824291566584,0.0,3788.824291566584,1894.412145783292,2614.780539274179,1174.0437522924053,3788824291566.584,0 days 05:37:30,381273.6949069306
2026-01-14,5,4,1,0.8,2573.9469503000337,413.5671262499727,2160.379824050061,432.0759648100122,2204.6139363841135,-413.5671262499727,6.223770669683888,0 days 06:12:00,383434.0747309807
2026-01-15,2,0,2,0.0,0.0,593.5431423866717,-593.5431423866717,-296.77157119333583,-135.45383347476303,-458.0893089119087,0.0,0 days 06:07:30,382840.531588594
2026-01-16,2,1,1,0.5,3470.954313692715,491.84083843670834,2979.1134752560065,1489.5567376280032,3470.954313692715,-491.84083843670834,7.057068145713501,0 days 12:15:00,385819.64506385004
2026-01-18,1,1,0,1.0,2857.0406698330544,0.0,2857.0406698330544,2857.0406698330544,2857.0406698330544,2857.0406698330544,2857040669833.054,2 days 12:00:00,388676.6857336831
2026-01-19,2,1,1,0.5,1044.4295275402667,580.433403557123,463.99612398314366,231.99806199157183,1044.4295275402667,-580.433403557123,1.7993959705619866,0 days 03:30:00,389140.68185766623
2026-01-20,8,5,3,0.625,4822.01399008975,3045.093408532921,1776.9205815568303,222.11507269460378,2536.7974281310667,-1037.3453697131652,1.5835356566000787,0 days 03:35:37.500000,390917.6024392231
2026-01-21,2,2,0,1.0,1925.0951510558493,0.0,1925.0951510558493,962.5475755279247,1791.8547731575316,133.24037789831777,1925095151055.849,0 days 10:07:30,392842.6975902789
2026-01-22,5,2,3,0.4,479.2335253679312,1874.841067877469,-1395.6075425095378,-279.12150850190756,351.36009020509107,-1049.8536479312363,0.2556128802482855,0 days 03:30:00,391447.09004776936
2026-01-23,13,9,4,0.6923076923076923,15381.078461699295,1995.7020087505698,13385.376452948727,1029.6443425345174,6165.79470589496,-774.2328747058878,7.7071017588085615,0 days 02:16:09.230769230,404832.4665007181
2026-01-25,5,2,3,0.4,3410.6944228058182,2270.0494925860044,1140.644930219814,228.12898604396278,1903.3846315492865,-1055.4961100794885,1.5024757979705585,0 days 10:12:00,405973.1114309379
2026-01-26,13,7,6,0.5384615384615384,5311.009045197132,5016.958374027141,294.05067116999066,22.619282397691588,3302.0255208015074,-1264.744923281839,1.0586113436165416,0 days 01:28:50.769230769,406267.1621021079
2026-01-27,10,6,4,0.6,8660.531403247802,2166.701116577762,6493.830286670039,649.3830286670038,4588.747002507567,-1034.2147158882967,3.997104786158437,0 days 02:09:00,412760.9923887779
2026-01-28,7,5,2,0.7142857142857143,3668.6712551260707,567.9831243274762,3100.688130798595,442.95544725694214,1481.9749117024016,-450.4205666148593,6.459120170990966,0 days 02:34:17.142857142,415861.6805195765
2026-01-29,3,2,1,0.6666666666666666,3969.450584097345,46.37910371517506,3923.07148038217,1307.6904934607235,3909.5244378422867,-46.37910371517506,85.58704817744368,0 days 02:25:00,419784.75199995865
2026-01-30,5,3,2,0.6,1670.2565374810022,513.0996159612522,1157.1569215197499,231.43138430394998,983.160098713995,-472.45006012612834,3.255228586269562,0 days 03:09:00,420941.9089214784
2026-02-01,2,0,2,0.0,0.0,1147.992895433738,-1147.992895433738,-573.996447716869,-497.1731108855124,-650.8197845482257,0.0,1 days 03:30:00,419793.91602604464
2026-02-02,5,3,2,0.6,2408.3747102789343,618.4540462561046,1789.9206640228301,357.984132804566,1831.6632333112182,-528.7306957178401,3.894185388321666,0 days 02:15:00,421583.8366900675
2026-02-03,1,1,0,1.0,2514.9500459432234,0.0,2514.9500459432234,2514.9500459432234,2514.9500459432234,2514.9500459432234,2514950045943.223,0 days 19:30:00,424098.7867360107
2026-02-04,4,2,2,0.5,3289.5058473073886,314.22441051846306,2975.281436788926,743.8203591972315,2642.898479104005,-259.25884826784795,10.468651502535335,0 days 03:22:30,427074.0681727996
2026-02-05,8,4,4,0.5,4504.345858688368,3285.461630374229,1218.8842283141385,152.3605285392673,1413.6655979415523,-1121.7684095365926,1.3709932927067245,0 days 02:18:45,428292.95240111375
2026-02-06,3,1,2,0.3333333333333333,1804.1170432152285,2082.050390910801,-277.9333476955728,-92.6444492318576,1804.1170432152285,-1596.5162485837752,0.8665097881833737,0 days 04:20:00,428015.0190534182
2026-02-08,1,1,0,1.0,64.62081198259284,0.0,64.62081198259284,64.62081198259284,64.62081198259284,64.62081198259284,64620811982.592834,0 days 01:00:00,428079.6398654008
2026-02-09,10,4,6,0.4,4761.788889879121,3009.5071863609273,1752.2817035181934,175.22817035181933,2100.7208789069837,-826.798395038054,1.5822487188133412,0 days 01:01:30,429831.921568919
2026-02-10,13,4,9,0.3076923076923077,5151.780653756269,7865.042160708655,-2713.261506952385,-208.71242361172193,3087.7812743186582,-1745.4308539628798,0.6550226366862965,0 days 02:12:41.538461538,427118.66006196657
2026-02-11,9,7,2,0.7777777777777778,11732.259448749312,1896.2815697789,9835.97787897041,1092.8864309967123,3230.523675265822,-1268.8833143126744,6.186981741386251,0 days 02:30:00,436954.63794093695
2026-02-12,11,4,7,0.36363636363636365,2952.167009787075,4654.497725929588,-1702.3307161425123,-154.75733783113748,1543.3190113205483,-1369.64399222515,0.6342611348461822,0 days 01:57:16.363636363,435252.30722479447
2026-02-13,5,4,1,0.8,4970.034673257941,928.6503531944632,4041.3843200634783,808.2768640126957,2575.5364215662694,-928.6503531944632,5.351890144833871,0 days 03:06:00,439293.6915448579
2026-02-16,4,2,2,0.5,811.9144405563433,1585.1728670104635,-773.2584264541202,-193.31460661353006,728.9535062508819,-1074.753952834186,0.5121929963938652,0 days 19:18:45,438520.43311840383
2026-02-17,5,3,2,0.6,4339.991488471355,1061.6185347651524,3278.3729537062036,655.6745907412408,2009.1185249083949,-978.0754085577428,4.088089409094043,0 days 02:36:00,441798.80607211
2026-02-18,3,3,0,1.0,2968.7534570087164,0.0,2968.7534570087164,989.5844856695721,1525.4607043219862,459.48314491649,2968753457008.7163,0 days 08:10:00,444767.55952911876
2026-02-19,9,2,7,0.2222222222222222,1497.6746131358566,4997.959980391621,-3500.285367255763,-388.92059636175145,903.3155114151796,-1241.2027535368893,0.2996571839333745,0 days 02:43:20,441267.274161863
2026-02-20,5,3,2,0.6,1061.2518220301795,762.5232092872096,298.72861274296974,59.745722548593946,745.8240137919247,-396.2761386054794,1.3917633051749532,0 days 03:06:00,441566.002774606
2026-02-23,5,3,2,0.6,4093.3241400598918,964.166114268437,3129.1580257914547,625.8316051582909,1907.4746587659276,-484.50061625435126,4.245455300164443,0 days 15:21:00,444695.16080039745
2026-02-24,4,3,1,0.75,2740.9122666460635,863.7175484373288,1877.1947182087345,469.2986795521836,1072.9057818226408,-863.7175484373288,3.1733895781150077,0 days 02:11:15,446572.3555186062
2026-02-25,8,4,4,0.5,2394.9627817687688,2024.9686500083258,369.9941317604429,46.24926647005536,1506.404064566901,-1369.5022691735303,1.1827159801999512,0 days 03:07:30,446942.34965036664
2026-02-26,6,4,2,0.6666666666666666,3432.420949438928,1100.266334830124,2332.154614608804,388.692435768134,1198.127037213858,-996.1282143765472,3.1196273491080486,0 days 03:17:30,449274.50426497543
2026-02-27,3,3,0,1.0,2166.0655132827674,0.0,2166.0655132827674,722.0218377609225,1032.3269947222543,364.77273028241086,2166065513282.7673,0 days 07:45:00,451440.5697782582
2026-03-01,2,0,2,0.0,0.0,562.6809791309099,-562.6809791309099,-281.34048956545496,-23.69943214208803,-538.981546988822,0.0,1 days 02:00:00,450877.8887991273
2026-03-02,8,3,5,0.375,2770.28762478335,3149.201482529399,-378.9138577460494,-47.36423221825618,1123.1311365980403,-1347.437005678536,0.8796793854416358,0 days 01:31:52.500000,450498.97494138125
2026-03-03,9,3,6,0.3333333333333333,4063.170515922842,4177.19084414049,-114.02032821764806,-12.66892535751645,3172.9672938584913,-1017.2426435996726,0.9727040653702501,0 days 02:18:20,450384.9546131636
2026-03-04,3,2,1,0.6666666666666666,2945.2337943928837,251.1734506555925,2694.060343737291,898.020114579097,1701.2273033480055,-251.1734506555925,11.725896135540895,0 days 06:40:00,453079.0149569009
2026-03-05,4,1,3,0.25,1463.5709889303357,594.6235231652465,868.947465765089,217.23686644127224,1463.5709889303357,-293.1259630530505,2.461340548957071,0 days 03:37:30,453947.962422666
2026-03-06,6,4,2,0.6666666666666666,1602.6255889324757,1823.4660725061217,-220.840483573646,-36.806747262274335,736.6255894573612,-961.9961659108469,0.8788897216660967,0 days 01:40:00,453727.12193909235
2026-03-08,1,1,0,1.0,1111.9526662716767,0.0,1111.9526662716767,1111.9526662716767,1111.9526662716767,1111.9526662716767,1111952666271.6765,2 days 05:00:00,454839.074605364
2026-03-09,6,2,4,0.3333333333333333,1061.370884233206,1353.4287315054387,-292.0578472722328,-48.676307878705465,619.4008048954771,-958.057451202265,0.7842089202972864,0 days 03:25:00,454547.01675809175
2026-03-11,4,3,1,0.75,4499.713978315263,1141.855975282482,3357.858003032781,839.4645007581953,2733.4399461745847,-1141.855975282482,3.940701871093757,0 days 10:22:30,457904.87476112455
2026-03-12,1,1,0,1.0,366.77535251673277,0.0,366.77535251673277,366.77535251673277,366.77535251673277,366.77535251673277,366775352516.7327,0 days 19:45:00,458271.6501136413
2026-03-13,5,2,3,0.4,3460.3483763634276,1075.0001137795239,2385.3482625839038,477.06965251678076,3141.1329299211134,-733.7504340808323,3.2189283815025944,0 days 03:54:00,460656.9983762252
2026-03-16,4,2,2,0.5,3179.3495351823112,912.5626280383443,2266.786907143967,566.6967267859917,3004.9363017081846,-771.3024402037689,3.483979551098514,0 days 18:41:15,462923.7852833691
2026-03-17,2,0,2,0.0,0.0,755.6188932831346,-755.6188932831346,-377.8094466415673,-124.5914906672354,-631.0274026158993,0.0,0 days 08:22:30,462168.166390086
2026-03-18,3,2,1,0.6666666666666666,583.3574113157596,322.4628456962222,260.8945656195374,86.96485520651247,540.5374078360836,-322.4628456962222,1.8090686077530758,0 days 07:20:00,462429.0609557055
2026-03-19,9,5,4,0.5555555555555556,4081.9282453153464,2240.2651545216586,1841.6630907936876,204.62923231040975,1721.2203699965157,-789.2856588077422,1.8220737117106656,0 days 02:13:20,464270.72404649924
2026-03-20,3,2,1,0.6666666666666666,1163.399508248389,1018.6024251635288,144.79708308486033,48.26569436162011,605.8051547601692,-1018.6024251635288,1.1421526981556267,0 days 04:40:00,464415.5211295841
2026-03-22,1,1,0,1.0,703.2908905288409,0.0,703.2908905288409,703.2908905288409,703.2908905288409,703.2908905288409,703290890528.8408,2 days 04:00:00,465118.81202011293
2026-03-23,5,3,2,0.6,3425.1271627905235,2006.1074685618223,1419.0196942287016,283.80393884574033,1326.639544052398,-1291.8328966914103,1.707349788815649,0 days 03:57:00,466537.83171434165
2026-03-24,6,3,3,0.5,678.1216471086467,2264.740633168742,-1586.6189860600953,-264.43649767668256,454.6914055424054,-951.0767452933777,0.29942574314121073,0 days 03:12:30,464951.21272828156
2026-03-25,2,1,1,0.5,113.61228156545877,218.60238645925278,-104.99010489379401,-52.495052446897006,113.61228156545877,-218.60238645925278,0.5197211403116863,0 days 06:15:00,464846.22262338776
2026-03-26,1,0,1,0.0,0.0,433.40725927710366,-433.40725927710366,-433.40725927710366,-433.40725927710366,-433.40725927710366,0.0,0 days 08:45:00,464412.81536411063
2026-03-27,3,2,1,0.6666666666666666,1605.5446466640644,512.1009548637473,1093.443691800317,364.4812306001057,1082.324624162382,-512.1009548637473,3.135211195009869,0 days 08:25:00,465506.2590559109
2026-03-30,7,1,6,0.14285714285714285,3532.546678185426,5368.289243727056,-1835.7425655416293,-262.2489379345185,3532.546678185426,-1307.4829623102958,0.6580395574462147,0 days 10:10:42.857142857,463670.5164903693
2026-03-31,5,5,0,1.0,4559.650114627331,0.0,4559.650114627331,911.9300229254662,2674.2725113314805,128.3228348950729,4559650114627.331,0 days 03:36:00,468230.1666049966
2026-04-01,6,5,1,0.8333333333333334,2282.1317938884745,248.87695253634945,2033.2548413521254,338.8758068920209,953.2898154036147,-248.87695253634945,9.169719295542885,0 days 03:45:00,470263.4214463487
2026-04-02,5,2,3,0.4,1609.5990341381707,2668.826933868047,-1059.2278997298763,-211.84557994597526,1253.8252842620423,-1155.490647036835,0.6031110574132691,0 days 04:21:00,469204.19354661886
2026-04-03,1,1,0,1.0,1566.4999999999977,0.0,1566.4999999999977,1566.4999999999977,1566.4999999999977,1566.4999999999977,1566499999999.9976,1 days 02:45:00,470770.69354661886
